Wortart;Latein;Praesens;Perfekt;PPP;Genitiv;Genus;NomSgF;NomSgN;Bedeutungen;Bemerkungen
Adjektiv;absconditus;;;;;;abscondita;absconditum;verborgen, geheim, versteckt;
Adjektiv;absolutus;;;;;;absoluta;absolutum;losgelöst, absolut, vollkommen;
Adjektiv;accidentalis;;;;;;accidentalis;accidentale;zufällig, akzidentiell, unwesentlich;philosophisch
Adjektiv;acer;;;;;;acris;acre;scharf, spitz, heftig;
Adjektiv;acerbus;;;;;;acerba;acerbum;herb, bitter, unreif;
Adjektiv;actualis;;;;;;actualis;actuale;wirklich, aktuell, der Wirklichkeit nach;
Adjektiv;acutus;;;;;;acuta;acutum;scharf, spitzig, klug;
Adjektiv;adsiduus;;;;;;adsidua;adsiduum;beständig, unablässig;
Adjektiv;adversus;;;;;;adversa;adversum;entgegengesetzt, feindlich, widrig;
Adjektiv;advorsus;;;;;;advorsa;advorsum;entgegengesetzt, feindlich, widrig;
Adjektiv;aecus;;;;;;aeca;aecum;gleich, gerecht, billig;
Adjektiv;aeger;;;;;;aegra;aegrum;krank, leidend;
Adjektiv;aegrotus;;;;;;aegrota;aegrotum;krank, leidend, schwach;
Adjektiv;aequalis;;;;;;aequalis;aequale;gleich, gleichaltrig;
Adjektiv;aequus;;;;;;aequa;aequum;gleich, gerecht, billig;
Adjektiv;aereus;;;;;;aerea;aereum;aus Erz, ehern, bronzen;
Adjektiv;aestivus;;;;;;aestiva;aestivum;sommerlich, zum Sommer gehörig;
Adjektiv;aeternus;;;;;;aeterna;aeternum;ewig, unvergänglich;
Adjektiv;aethereus;;;;;;aetherea;aethereum;ätherisch, himmlisch, licht;
Adjektiv;aeviternus;;;;;;aeviterna;aeviternum;ewig, unvergänglich;
Adjektiv;agrestis;;;;;;agrestis;agreste;ländlich, wild, bäurisch;
Adjektiv;alacer;;;;;;alacris;alacre;lebhaft, munter, bereitwillig;
Adjektiv;albus;;;;;;alba;album;weiß, bleich, hell;
Adjektiv;alienus;;;;;;aliena;alienum;fremd, einem anderen gehörig;
Adjektiv;alius;;;;;;alia;alium;ein anderer, verschieden;
Adjektiv;alter;;;;;;altera;alterum;der eine, der andere;von zweien
Adjektiv;alternus;;;;;;alterna;alternum;abwechselnd, gegenseitig;
Adjektiv;altus;;;;;;alta;altum;hoch, tief, erhaben;
Adjektiv;ambiguus;;;;;;ambigua;ambiguum;zweifelhaft, schwankend;
Adjektiv;ambo;;;;;;ambae;ambo;beide, beiderseits;
Adjektiv;amicus;;;;;;amica;amicum;freundlich, befreundet;
Adjektiv;amplus;;;;;;ampla;amplum;groß, geräumig, ansehnlich;
Adjektiv;anceps;;;;ancipitis;;anceps;anceps;doppelsinnig, zweifelhaft;
Adjektiv;angustus;;;;;;angusta;angustum;eng, schmal, knapp;
Adjektiv;anticus;;;;;;antica;anticum;alt, altehrwürdig;
Adjektiv;anticuus;;;;;;anticua;anticuum;alt, altehrwürdig;
Adjektiv;antiquus;;;;;;antiqua;antiquum;alt, altertümlich;
Adjektiv;anxius;;;;;;anxia;anxium;ängstlich, besorgt, beunruhigt;
Adjektiv;apertus;;;;;;aperta;apertum;offen, frei, unverhüllt;
Adjektiv;apsconditus;;;;;;apscondita;apsconditum;verborgen, geheim, versteckt;
Adjektiv;aptus;;;;;;apta;aptum;geeignet, passend, bereit;
Adjektiv;ardus;;;;;;arda;ardum;trocken, dürr;
Adjektiv;arduus;;;;;;ardua;arduum;steil, hoch, schwierig;
Adjektiv;argenteus;;;;;;argentea;argenteum;silbern, aus Silber;
Adjektiv;aridus;;;;;;arida;aridum;trocken, dürr;
Adjektiv;arrogans;;;;arrogantis;;arrogans;arrogans;anmaßend, überheblich, stolz;
Adjektiv;artus;;;;;;arta;artum;eng, fest, knapp;
Adjektiv;asper;;;;;;aspera;asperum;rau, hart, wild;
Adjektiv;assiduus;;;;;;assidua;assiduum;beständig, unablässig;
Adjektiv;ater;;;;;;atra;atrum;schwarz, dunkel, düster;
Adjektiv;atrox;;;;atrocis;;atrox;atrox;wild, grausam, schrecklich;
Adjektiv;audax;;;;audacis;;audax;audax;kühn, dreist, verwegen;
Adjektiv;augustus;;;;;;augusta;augustum;erhaben, hehr, ehrwürdig;
Adjektiv;aureus;;;;;;aurea;aureum;golden, aus Gold, glänzend;
Adjektiv;authenticus;;;;;;authentica;authenticum;urkundlich, echt, zuverlässig;spätlateinisch
Adjektiv;avarus;;;;;;avara;avarum;geizig, habgierig, habsüchtig;
Adjektiv;aversus;;;;;;aversa;aversum;abgewandt, entfernt;
Adjektiv;avidus;;;;;;avida;avidum;gierig, begierig;
Adjektiv;avorsus;;;;;;avorsa;avorsum;abgewandt, entfernt;
Adjektiv;barbarus;;;;;;barbara;barbarum;fremd, barbarisch, unzivilisiert;
Adjektiv;beatus;;;;;;beata;beatum;selig, glücklich, beglückt;
Adjektiv;benedictus;;;;;;benedicta;benedictum;gesegnet, gepriesen, benedeit;
Adjektiv;beneficus;;;;;;benefica;beneficum;wohltätig, wohltuend;
Adjektiv;benignus;;;;;;benigna;benignum;gütig, freundlich, mild;
Adjektiv;bini;;;;;;binae;bina;je zwei, zwei zusammen;
Adjektiv;blandus;;;;;;blanda;blandum;schmeichelnd, reizend;
Adjektiv;bonus;;;;;;bona;bonum;gut, tüchtig, ehrenhaft;
Adjektiv;brevis;;;;;;brevis;breve;kurz, klein, knapp;
Adjektiv;brutus;;;;;;bruta;brutum;unvernünftig, stumpf, schwerfällig;
Adjektiv;caducus;;;;;;caduca;caducum;hinfällig, vergänglich;
Adjektiv;caecus;;;;;;caeca;caecum;blind, dunkel, verborgen;
Adjektiv;caelestis;;;;;;caelestis;caeleste;himmlisch, göttlich;
Adjektiv;caeruleus;;;;;;caerulea;caeruleum;blau, dunkelblau;
Adjektiv;caerulus;;;;;;caerula;caerulum;blau, dunkelblau;
Adjektiv;caeterus;;;;;;caetera;caeterum;der übrige, die anderen;
Adjektiv;caldus;;;;;;calda;caldum;warm, heiß;
Adjektiv;calidus;;;;;;calida;calidum;warm, heiß;
Adjektiv;campestris;;;;;;campestris;campestre;zum Feld gehörig, eben, flach;
Adjektiv;candidus;;;;;;candida;candidum;hell, klar, glänzend;
Adjektiv;capax;;;;capacis;;capax;capax;geräumig, fähig, tauglich;
Adjektiv;carus;;;;;;cara;carum;teuer, lieb, wertvoll;
Adjektiv;castus;;;;;;casta;castum;rein, keusch, fromm;
Adjektiv;catholicus;;;;;;catholica;catholicum;katholisch, allgemein, universal;
Adjektiv;cavus;;;;;;cava;cavum;hohl, ausgehöhlt;
Adjektiv;celeber;;;;;;celebris;celebre;berühmt, gefeiert, besucht;
Adjektiv;celer;;;;;;celeris;celere;schnell, rasch, flink;
Adjektiv;celsus;;;;;;celsa;celsum;hoch, erhaben, stolz;
Adjektiv;certus;;;;;;certa;certum;sicher, fest, gewiss;
Adjektiv;ceterus;;;;;;cetera;ceterum;der übrige, die anderen;
Adjektiv;christianus;;;;;;christiana;christianum;christlich;
Adjektiv;citus;;;;;;cita;citum;schnell, rasch;
Adjektiv;civilis;;;;;;civilis;civile;bürgerlich, staatlich;
Adjektiv;clarus;;;;;;clara;clarum;klar, hell, berühmt;
Adjektiv;clemens;;;;clementis;;clemens;clemens;mild, gnädig, sanft;
Adjektiv;commodus;;;;;;commoda;commodum;passend, geeignet, günstig;
Adjektiv;communis;;;;;;communis;commune;gemeinsam, allgemein;
Adjektiv;compositus;;;;;;composita;compositum;zusammengesetzt, geordnet, gefasst;
Adjektiv;confidens;;;;confidentis;;confidens;confidens;zuversichtlich, verwegen, frech;
Adjektiv;conmunis;;;;;;conmunis;conmune;gemeinsam, allgemein;
Adjektiv;constans;;;;constantis;;constans;constans;beständig, standhaft, fest;
Adjektiv;continens;;;;continentis;;continens;continens;angrenzend, unmittelbar;
Adjektiv;contingens;;;;contingentis;;contingens;contingens;zufällig, möglich, kontingent;philosophisch
Adjektiv;contrarius;;;;;;contraria;contrarium;gegenüberliegend, entgegengesetzt;
Adjektiv;copiosus;;;;;;copiosa;copiosum;reichlich, wortreich, reich versorgt;
Adjektiv;corporalis;;;;;;corporalis;corporale;körperlich, leiblich;
Adjektiv;crassus;;;;;;crassa;crassum;dick, dicht, trübe;
Adjektiv;crastinus;;;;;;crastina;crastinum;morgig, zum nächsten Tag gehörig;
Adjektiv;credibilis;;;;;;credibilis;credibile;glaubwürdig, glaublich;
Adjektiv;crudelis;;;;;;crudelis;crudele;grausam, hart, gefühllos;
Adjektiv;crudus;;;;;;cruda;crudum;roh, blutig, grausam;
Adjektiv;cunctus;;;;;;cuncta;cunctum;alle, gesamt, sämtlich;
Adjektiv;cupidus;;;;;;cupida;cupidum;begierig, begehrlich, verliebt;
Adjektiv;decimus;;;;;;decima;decimum;zehnte;
Adjektiv;deformis;;;;;;deformis;deforme;hässlich, ungestalt, missgestaltet;
Adjektiv;densus;;;;;;densa;densum;dicht, gedrängt, eng;
Adjektiv;dignus;;;;;;digna;dignum;würdig, wert, angemessen;
Adjektiv;dimidius;;;;;;dimidia;dimidium;halb, halbiert;
Adjektiv;dirus;;;;;;dira;dirum;grausig, unheilvoll, schrecklich;
Adjektiv;disertus;;;;;;diserta;disertum;gewandt, beredt, wortgewandt;
Adjektiv;dispar;;;;disparis;;dispar;dispar;ungleich, unähnlich, verschieden;
Adjektiv;dissimilis;;;;;;dissimilis;dissimile;unähnlich, ungleich, verschieden;
Adjektiv;diurnus;;;;;;diurna;diurnum;täglich, tagsüber, eines Tages;
Adjektiv;diutinus;;;;;;diutina;diutinum;langdauernd, anhaltend;
Adjektiv;diuturnus;;;;;;diuturna;diuturnum;langwährend, dauerhaft;
Adjektiv;diversus;;;;;;diversa;diversum;verschieden, entgegengesetzt;
Adjektiv;dives;;;;divitis;;dives;dives;reich, begütert, wohlhabend;
Adjektiv;divinus;;;;;;divina;divinum;göttlich, prophetisch;
Adjektiv;doctus;;;;;;docta;doctum;gelehrt, erfahren, bewandert;
Adjektiv;domesticus;;;;;;domestica;domesticum;häuslich, einheimisch, privat;
Adjektiv;dubius;;;;;;dubia;dubium;zweifelhaft, ungewiss;
Adjektiv;dulcis;;;;;;dulcis;dulce;süß, angenehm, lieb;
Adjektiv;duplex;;;;duplicis;;duplex;duplex;doppelt, zweifach, doppelzüngig;
Adjektiv;durus;;;;;;dura;durum;hart, streng, grausam;
Adjektiv;ebrius;;;;;;ebria;ebrium;betrunken, trunken, berauscht;
Adjektiv;ecclesiasticus;;;;;;ecclesiastica;ecclesiasticum;kirchlich, geistlich;
Adjektiv;egenus;;;;;;egena;egenum;bedürftig, arm, mittellos;
Adjektiv;egregius;;;;;;egregia;egregium;hervorragend, auserlesen, vorzüglich;
Adjektiv;elegans;;;;elegantis;;elegans;elegans;fein, wählerisch, elegant, geschmackvoll;
Adjektiv;eloquens;;;;eloquentis;;eloquens;eloquens;beredt, wortgewandt;
Adjektiv;eruditus;;;;;;erudita;eruditum;gelehrt, gebildet, erfahren;
Adjektiv;essentialis;;;;;;essentialis;essentiale;wesentlich, wesenhaft;philosophisch
Adjektiv;eternus;;;;;;eterna;eternum;ewig, unvergänglich;
Adjektiv;evidens;;;;evidentis;;evidens;evidens;offensichtlich, einleuchtend, deutlich;
Adjektiv;exiguus;;;;;;exigua;exiguum;klein, gering, kümmerlich;
Adjektiv;eximius;;;;;;eximia;eximium;ausgezeichnet, vorzüglich, auserlesen;
Adjektiv;exterior;;;;exterioris;;exterior;exterius;äußerer, auswärtig;
Adjektiv;extremus;;;;;;extrema;extremum;äußerst, letzt, endgültig;
Adjektiv;extrinsecus;;;;;;extrinseca;extrinsecum;von außen kommend, äußerlich;
Adjektiv;facilis;;;;;;facilis;facile;leicht, gutmütig, bereitwillig;
Adjektiv;fallax;;;;fallacis;;fallax;fallax;trügerisch, täuschend, falsch;
Adjektiv;falsus;;;;;;falsa;falsum;falsch, unwahr, trügerisch;
Adjektiv;fatuus;;;;;;fatua;fatum;närrisch, albern, töricht;
Adjektiv;faustus;;;;;;fausta;faustum;glücklich, günstig, heilbringend;
Adjektiv;fecundus;;;;;;fecunda;fecundum;fruchtbar, ergiebig, reich;
Adjektiv;felix;;;;felicis;;felix;felix;glücklich, fruchtbar, gesegnet;
Adjektiv;ferox;;;;ferocis;;ferox;ferox;wild, kühn, trotzig;
Adjektiv;ferreus;;;;;;ferrea;ferreum;eisern, aus Eisen, unbeugsam;
Adjektiv;ferus;;;;;;fera;ferum;wild, ungezähmt, grausam;
Adjektiv;fessus;;;;;;fessa;fessum;müde, erschöpft, matt;
Adjektiv;festus;;;;;;festa;festum;festlich, feierlich;
Adjektiv;fictus;;;;;;ficta;fictum;erdichtet, verstellt, unwahr;
Adjektiv;fidelis;;;;;;fidelis;fidele;treu, gläubig, zuverlässig;
Adjektiv;finitus;;;;;;finita;finitum;begrenzt, endlich, beschränkt;
Adjektiv;firmus;;;;;;firma;firmum;fest, stark, sicher;
Adjektiv;flavus;;;;;;flava;flavum;gelb, blond, goldgelb;
Adjektiv;foedus;;;;;;foeda;foedum;hässlich, abscheulich, schändlich;
Adjektiv;formalis;;;;;;formalis;formale;der Form nach, formal, förmlich;philosophisch
Adjektiv;formosus;;;;;;formosa;formosum;schön, wohlgestaltet, ansehnlich;
Adjektiv;fortis;;;;;;fortis;forte;stark, tapfer, mutig;
Adjektiv;fraternus;;;;;;fraterna;fraternum;brüderlich, des Bruders;
Adjektiv;frequens;;;;frequentis;;frequens;frequens;voll, zahlreich, häufig besucht;
Adjektiv;fructuosus;;;;;;fructuosa;fructuosum;fruchtbar, ergiebig, nützlich;
Adjektiv;fulvus;;;;;;fulva;fulvum;gelbbraun, fahl, lohfarben;
Adjektiv;funestus;;;;;;funesta;funestum;traurig, verhängnisvoll, unheilvoll;
Adjektiv;fuscus;;;;;;fusca;fuscum;dunkel, braun, dunkelfarbig;
Adjektiv;futurus;;;;;;futura;futurum;zukünftig, kommend;
Adjektiv;garrulus;;;;;;garrula;garrulum;geschwätzig, schwatzhaft;
Adjektiv;gemini;;;;;;geminae;gemina;zwillings-, doppelt, paarig;
Adjektiv;genitus;;;;;;genita;genitum;gezeugt, geboren, hervorgebracht;
Adjektiv;grandis;;;;;;grandis;grande;erwachsen, groß, bedeutend;
Adjektiv;gratus;;;;;;grata;gratum;angenehm, dankbar, willkommen;
Adjektiv;gravis;;;;;;gravis;grave;schwer, gewichtig, ernst;
Adjektiv;hibernus;;;;;;hiberna;hibernum;winterlich, zum Winter gehörig;
Adjektiv;hilaris;;;;;;hilaris;hilare;heiter, fröhlich, lustig;
Adjektiv;hodiernus;;;;;;hodierna;hodiernum;heutig, vom heutigen Tag;
Adjektiv;honestus;;;;;;honesta;honestum;angesehen, ehrenhaft, achtbar;
Adjektiv;horribilis;;;;;;horribilis;horribile;schrecklich, entsetzlich, grauenhaft;
Adjektiv;humanus;;;;;;humana;humanum;menschlich, human, gebildet;
Adjektiv;humilis;;;;;;humilis;humile;niedrig, gering, bescheiden;
Adjektiv;igneus;;;;;;ignea;igneum;feurig, aus Feuer, glühend;
Adjektiv;ignotus;;;;;;ignota;ignotum;unbekannt, fremd;
Adjektiv;illustris;;;;;;illustris;illustre;hell, berühmt, erlaucht;
Adjektiv;imbecillis;;;;;;imbecillis;imbecille;schwach, kraftlos;
Adjektiv;imbecillus;;;;;;imbecilla;imbecillum;schwach, kraftlos;
Adjektiv;immaculatus;;;;;;immaculata;immaculatum;unbefleckt, makellos, rein;
Adjektiv;immanis;;;;;;immanis;immane;gewaltig, riesig, ungeheuer;
Adjektiv;immensus;;;;;;immensa;immensum;unermesslich, unendlich, gewaltig;
Adjektiv;immortalis;;;;;;immortalis;immortale;unsterblich, unvergänglich;
Adjektiv;immutabilis;;;;;;immutabilis;immutabile;unveränderlich, unwandelbar;
Adjektiv;impar;;;;imparis;;impar;impar;ungleich, unterlegen;
Adjektiv;impatiens;;;;impatientis;;impatiens;impatiens;ungeduldig, unwillig;
Adjektiv;imperfectus;;;;;;imperfecta;imperfectum;unvollkommen, unvollendet;
Adjektiv;imperialis;;;;;;imperialis;imperiale;kaiserlich, herrscherlich;spätlateinisch
Adjektiv;impius;;;;;;impia;impium;gottlos, ruchlos, pflichtvergessen;
Adjektiv;impossibilis;;;;;;impossibilis;impossibile;unmöglich, nicht möglich;
Adjektiv;improbus;;;;;;improba;improbum;schlecht, ruchlos, unmäßig;
Adjektiv;imprudens;;;;imprudentis;;imprudens;imprudens;unklug, ahnungslos, unvorsichtig;
Adjektiv;inaequalis;;;;;;inaequalis;inaequale;ungleich, uneben, ungleichmäßig;
Adjektiv;inanis;;;;;;inanis;inane;leer, hohl, eitel;
Adjektiv;inbecillis;;;;;;inbecillis;inbecille;schwach, kraftlos;
Adjektiv;inbecillus;;;;;;inbecilla;inbecillum;schwach, kraftlos;
Adjektiv;incertus;;;;;;incerta;incertum;ungewiss, unsicher;
Adjektiv;incredibilis;;;;;;incredibilis;incredibile;unglaublich, unbegreiflich;
Adjektiv;indigus;;;;;;indiga;indigum;bedürftig, mangelnd, nötig habend;
Adjektiv;individuus;;;;;;individua;individuum;unteilbar, individuell, einzeln;
Adjektiv;indoctus;;;;;;indocta;indoctum;ungelehrt, ungebildet, unerfahren;
Adjektiv;industrius;;;;;;industria;industrium;fleißig, tätig, emsig;
Adjektiv;infelix;;;;infelicis;;infelix;infelix;unglücklich, unfruchtbar;
Adjektiv;inferior;;;;inferioris;;inferior;inferius;niedriger, unterer, später;
Adjektiv;infernus;;;;;;inferna;infernum;unterirdisch, höllisch, der Unterwelt;
Adjektiv;inferus;;;;;;infera;inferum;unten befindlich, niedrig, unterirdisch;
Adjektiv;infimus;;;;;;infima;infimum;unterst, tiefst, niedrigst;
Adjektiv;infinitus;;;;;;infinita;infinitum;unendlich, unbegrenzt, grenzenlos;
Adjektiv;infirmus;;;;;;infirma;infirmum;schwach, gebrechlich, krank;
Adjektiv;ingens;;;;ingentis;;ingens;ingens;gewaltig, ungeheuer, riesig;
Adjektiv;inimicus;;;;;;inimica;inimicum;feindlich, unfreundlich;
Adjektiv;iniquus;;;;;;iniqua;iniquum;ungleich, ungerecht, feindselig;
Adjektiv;iniustus;;;;;;iniusta;iniustum;ungerecht, unrecht, unbillig;
Adjektiv;inmanis;;;;;;inmanis;inmane;gewaltig, riesig, ungeheuer;
Adjektiv;innoxius;;;;;;innoxia;innoxium;unschädlich, unschuldig, harmlos;
Adjektiv;inpar;;;;inparis;;inpar;inpar;ungleich, unterlegen;
Adjektiv;inprobus;;;;;;inproba;inprobum;schlecht, ruchlos, unmäßig;
Adjektiv;insanus;;;;;;insana;insanum;wahnsinnig, krankhaft, unsinnig;
Adjektiv;insignis;;;;;;insignis;insigne;auffällig, ausgezeichnet, berühmt;
Adjektiv;insipiens;;;;insipientis;;insipiens;insipiens;töricht, unweise, dumm;
Adjektiv;integer;;;;;;integra;integrum;unberührt, unversehrt, ganz;
Adjektiv;intelligibilis;;;;;;intelligibilis;intelligibile;verständlich, geistig erkennbar;philosophisch
Adjektiv;intemperans;;;;intemperantis;;intemperans;intemperans;unmäßig, zügellos, unenthaltsam;
Adjektiv;interior;;;;interioris;;interior;interius;innerer, innerlich, tiefer;
Adjektiv;intrinsecus;;;;;;intrinseca;intrinsecum;inner, innerlich, innewohnend;
Adjektiv;inutilis;;;;;;inutilis;inutile;unnütz, nutzlos, untauglich;
Adjektiv;invisibilis;;;;;;invisibilis;invisibile;unsichtbar, unschaubar;
Adjektiv;iratus;;;;;;irata;iratum;zornig, erzürnt, entrüstet;
Adjektiv;irrationalis;;;;;;irrationalis;irrationale;vernunftlos, unvernünftig, irrational;
Adjektiv;iucundus;;;;;;iucunda;iucundum;angenehm, erfreulich, lieblich;
Adjektiv;iustus;;;;;;iusta;iustum;gerecht, rechtmäßig, recht;
Adjektiv;iuvenilis;;;;;;iuvenilis;iuvenile;jugendlich, jung, der Jugend;
Adjektiv;justus;;;;;;justa;justum;gerecht, rechtmäßig;
Adjektiv;juvenis;;;;;;juvenis;juvene;jugendlich, jung;
Adjektiv;karus;;;;;;kara;karum;teuer, lieb, wertvoll;
Adjektiv;laboriosus;;;;;;laboriosa;laboriosum;arbeitsam, mühsam, beschwerlich;
Adjektiv;laetus;;;;;;laeta;laetum;froh, heiter, glücklich;
Adjektiv;lassus;;;;;;lassa;lassum;müde, erschöpft, matt;
Adjektiv;latus;;;;;;lata;latum;breit, weit, ausgedehnt;
Adjektiv;laxus;;;;;;laxa;laxum;weit, geräumig, locker;
Adjektiv;lentus;;;;;;lenta;lentum;langsam, zäh, träge;
Adjektiv;letalis;;;;;;letalis;letale;tödlich, tödlich wirkend;
Adjektiv;libens;;;;libentis;;libens;libens;willig, gern, froh;
Adjektiv;liber;;;;;;libera;liberum;frei, unabhängig;
Adjektiv;liberalis;;;;;;liberalis;liberale;freigebig, edel, freundlich;
Adjektiv;ligneus;;;;;;lignea;ligneum;hölzern, aus Holz;
Adjektiv;litteratus;;;;;;litterata;litteratum;gebildet, belesen, gelehrt;
Adjektiv;locuples;;;;locupletis;;locuples;locuples;reich, begütert, glaubwürdig;
Adjektiv;longinquus;;;;;;longinqua;longinquum;fern, entfernt, langwierig;
Adjektiv;longus;;;;;;longa;longum;lang, weitläufig, langwierig;
Adjektiv;loquax;;;;loquacis;;loquax;loquax;redselig, geschwätzig;
Adjektiv;lucidus;;;;;;lucida;lucidum;hell, leuchtend, klar;
Adjektiv;macer;;;;;;macra;macrum;mager, dünn, abgezehrt;
Adjektiv;maestus;;;;;;maesta;maestum;traurig, düster;
Adjektiv;magicus;;;;;;magica;magicum;magisch, zauberhaft;
Adjektiv;magnus;;;;;;magna;magnum;groß, gewaltig, bedeutend;
Adjektiv;maior;;;;maioris;;maior;maius;größer, bedeutender, älter;Komparativ
Adjektiv;maleficus;;;;;;malefica;maleficum;übeltätig, schädlich, verderblich;
Adjektiv;malus;;;;;;mala;malum;schlecht, böse, übel;
Adjektiv;manifestus;;;;;;manifesta;manifestum;offenkundig, deutlich, ersichtlich;
Adjektiv;marinus;;;;;;marina;marinum;Meer-, des Meeres, aus dem Meer;
Adjektiv;maritus;;;;;;marita;maritum;ehelich, verheiratet;
Adjektiv;maternus;;;;;;materna;maternum;mütterlich, der Mutter;
Adjektiv;maturus;;;;;;matura;maturum;früh, reif, rechtzeitig;
Adjektiv;matutinus;;;;;;matutina;matutinum;morgendlich, früh, des Morgens;
Adjektiv;maximus;;;;;;maxima;maximum;größte, höchste;
Adjektiv;maxumus;;;;;;maxuma;maxumum;größte, höchste;
Adjektiv;mediocris;;;;;;mediocris;mediocre;mittelmäßig, mäßig, gewöhnlich;
Adjektiv;medius;;;;;;media;medium;mittlere, gemäßigt, mehrdeutig;
Adjektiv;melior;;;;melioris;;melior;melius;besser, vorzüglicher;Komparativ
Adjektiv;memor;;;;memoris;;memor;memor;eingedenk, sich erinnernd, dankbar;
Adjektiv;mendax;;;;mendacis;;mendax;mendax;lügnerisch, falsch, verlogen;
Adjektiv;merus;;;;;;mera;merum;rein, unvermischt, bloß;
Adjektiv;meus;;;;;;mea;meum;mein;
Adjektiv;militaris;;;;;;militaris;militare;militärisch, Kriegs-, soldatisch;
Adjektiv;minimus;;;;;;minima;minimum;kleinst, geringst, jüngst;
Adjektiv;minor;;;;minoris;;minor;minus;kleiner, geringer, jünger;Komparativ
Adjektiv;mirabilis;;;;;;mirabilis;mirabile;wunderbar, erstaunlich, wunderlich;
Adjektiv;mirus;;;;;;mira;mirum;wunderbar, seltsam, erstaunlich;
Adjektiv;miser;;;;;;misera;miserum;arm, elend, unglücklich;
Adjektiv;miserabilis;;;;;;miserabilis;miserabile;elend, erbärmlich, beklagenswert;
Adjektiv;misericors;;;;misericordis;;misericors;misericors;barmherzig, mitleidig;
Adjektiv;mitis;;;;;;mitis;mite;mild, sanft, reif;
Adjektiv;mobilis;;;;;;mobilis;mobile;beweglich, wankelmütig;
Adjektiv;modernus;;;;;;moderna;modernum;modern, gegenwärtig, heutig;spätlateinisch
Adjektiv;modestus;;;;;;modesta;modestum;mäßig, bescheiden, sittsam;
Adjektiv;modicus;;;;;;modica;modicum;mäßig, gering, bescheiden;
Adjektiv;moestus;;;;;;moesta;moestum;traurig, düster;
Adjektiv;mollis;;;;;;mollis;molle;weich, sanft, mild;
Adjektiv;montanus;;;;;;montana;montanum;Berg-, gebirgig, im Gebirge;
Adjektiv;mortalis;;;;;;mortalis;mortale;sterblich, menschlich;
Adjektiv;mortifer;;;;;;mortifera;mortiferum;todbringend, tödlich, verderblich;
Adjektiv;mortuus;;;;;;mortua;mortuum;tot, verstorben;
Adjektiv;muliebris;;;;;;muliebris;muliebre;weiblich, weibisch, der Frau;
Adjektiv;multiplex;;;;multiplicis;;multiplex;multiplex;vielfach, vielschichtig;
Adjektiv;multus;;;;;;multa;multum;viel, zahlreich;
Adjektiv;mundus;;;;;;munda;mundum;sauber, fein, elegant;
Adjektiv;mutabilis;;;;;;mutabilis;mutabile;veränderlich, wandelbar, unbeständig;
Adjektiv;naturalis;;;;;;naturalis;naturale;natürlich, angeboren;
Adjektiv;natus;;;;;;nata;natum;geboren, entstanden, bestimmt;
Adjektiv;navalis;;;;;;navalis;navale;Schiffs-, See-, zur Flotte gehörig;
Adjektiv;necessarius;;;;;;necessaria;necessarium;notwendig, nahestehend;
Adjektiv;negotiosus;;;;;;negotiosa;negotiosum;geschäftig, betriebsam, arbeitsreich;
Adjektiv;neuter;;;;;;neutra;neutrum;keiner von beiden, neutral;
Adjektiv;niger;;;;;;nigra;nigrum;schwarz, dunkel, unglückbringend;
Adjektiv;nimius;;;;;;nimia;nimium;übermäßig, zu groß;
Adjektiv;nitidus;;;;;;nitida;nitidum;glänzend, fein, sauber;
Adjektiv;nobilis;;;;;;nobilis;nobile;vornehm, berühmt, edel;
Adjektiv;nocturnus;;;;;;nocturna;nocturnum;nächtlich;
Adjektiv;nonus;;;;;;nona;nonum;neunte;
Adjektiv;noster;;;;;;nostra;nostrum;unser;
Adjektiv;notus;;;;;;nota;notum;bekannt, berühmt, berüchtigt;
Adjektiv;novus;;;;;;nova;novum;neu, jung, ungewöhnlich;
Adjektiv;noxius;;;;;;noxia;noxium;schädlich, schuldig, verderblich;
Adjektiv;nudus;;;;;;nuda;nudum;nackt, bloß;
Adjektiv;nullus;;;;;;nulla;nullum;kein, keiner;
Adjektiv;obscurus;;;;;;obscura;obscurum;dunkel, düster, verborgen;
Adjektiv;obvius;;;;;;obvia;obvium;im Weg, leicht, feindlich;
Adjektiv;occultus;;;;;;occulta;occultum;verborgen, geheim, versteckt;
Adjektiv;octavus;;;;;;octava;octavum;achte;
Adjektiv;omnipotens;;;;omnipotentis;;omnipotens;omnipotens;allmächtig;
Adjektiv;omnis;;;;;;omnis;omne;jeder, all, ganz;
Adjektiv;oportunus;;;;;;oportuna;oportunum;geeignet, günstig, passend;
Adjektiv;opportunus;;;;;;opportuna;opportunum;geeignet, günstig, passend;
Adjektiv;optimus;;;;;;optima;optimum;best, vortrefflichst;Superlativ
Adjektiv;otiosus;;;;;;otiosa;otiosum;müßig, ruhig, unbeschäftigt;
Adjektiv;pallidus;;;;;;pallida;pallidum;blass, bleich, fahl;
Adjektiv;par;;;;paris;;par;par;gleich, ebenbürtig, passend;
Adjektiv;parcus;;;;;;parca;parcum;sparsam, karg, knapp;
Adjektiv;particularis;;;;;;particularis;particulare;besonders, partikulär, einzeln;
Adjektiv;parvus;;;;;;parva;parvum;klein, gering, wertlos;
Adjektiv;paternus;;;;;;paterna;paternum;väterlich, des Vaters;
Adjektiv;patiens;;;;patientis;;patiens;patiens;duldend, geduldig, ausdauernd;
Adjektiv;paulus;;;;;;paula;paulum;klein, wenig, gering;
Adjektiv;pauper;;;;pauperis;;pauper;pauper;arm, gering, dürftig;
Adjektiv;pavidus;;;;;;pavida;pavidum;ängstlich, zitternd, furchtsam;
Adjektiv;peior;;;;peioris;;peior;peius;schlechter, schlimmer, ärger;Komparativ
Adjektiv;perennis;;;;;;perennis;perenne;dauernd, immerwährend, beständig;
Adjektiv;perfectus;;;;;;perfecta;perfectum;vollkommen, vollendet, vollständig;
Adjektiv;perfidus;;;;;;perfida;perfidum;treulos, verräterisch, falsch;
Adjektiv;periculosus;;;;;;periculosa;periculosum;gefährlich, riskant;
Adjektiv;perpetuus;;;;;;perpetua;perpetuum;fortwährend, ununterbrochen, ewig;
Adjektiv;pessimus;;;;;;pessima;pessimum;der schlechteste, übelste;
Adjektiv;pessumus;;;;;;pessuma;pessumum;der schlechteste, übelste;
Adjektiv;pestilens;;;;pestilentis;;pestilens;pestilens;pestilenzialisch, ansteckend, verderblich;
Adjektiv;piger;;;;;;pigra;pigrum;träge, faul, langsam;
Adjektiv;pinguis;;;;;;pinguis;pingue;fett, fruchtbar, dumpf;
Adjektiv;pius;;;;;;pia;pium;pflichtbewusst, fromm, treu;
Adjektiv;placidus;;;;;;placida;placidum;sanft, ruhig, friedlich;
Adjektiv;plenus;;;;;;plena;plenum;voll, satt;
Adjektiv;plerus;;;;;;plera;plerum;der größte Teil, die meisten;
Adjektiv;plurimus;;;;;;plurima;plurimum;der meiste, zahlreichste;
Adjektiv;plus;;;;pluris;;plus;plus;mehr;
Adjektiv;polus;;;;;;pola;polum;klein, wenig, gering;
Adjektiv;posterior;;;;posterioris;;posterior;posterius;später, hinterer, nachfolgend;
Adjektiv;postremus;;;;;;postrema;postremum;der letzte, hinterste;
Adjektiv;potens;;;;potentis;;potens;potens;mächtig, stark, fähig;
Adjektiv;potestativus;;;;;;potestativa;potestativum;willkürlich, freiwillig;
Adjektiv;potissimus;;;;;;potissima;potissimum;vorzüglichst, vornehmst;
Adjektiv;potisus;;;;;;potisa;potisum;fähig, möglich;
Adjektiv;potius;;;;;;potior;potior;eher, lieber, vielmehr;
Adjektiv;praecipuus;;;;;;praecipua;praecipuum;besonders, vorzüglich;
Adjektiv;praeclarus;;;;;;praeclara;praeclarum;sehr berühmt, glänzend, herrlich;
Adjektiv;praesens;;;;praesentis;;praesens;praesens;gegenwärtig, anwesend;
Adjektiv;praestans;;;;praestantis;;praestans;praestans;hervorragend, vorzüglich, ausgezeichnet;
Adjektiv;praeteritus;;;;;;praeterita;praeteritum;vergangen, vorbei, verflossen;
Adjektiv;primus;;;;;;prima;primum;erste, vorderste, wichtigste;
Adjektiv;priscus;;;;;;prisca;priscum;uralt, altväterisch, früher;
Adjektiv;pristinus;;;;;;pristina;pristinum;früher, ursprünglich, ehemalig;
Adjektiv;prius;;;;;;prior;prior;früher, vorher, zuerst;
Adjektiv;privatus;;;;;;privata;privatum;privat, eigen, persönlich;
Adjektiv;probabilis;;;;;;probabilis;probabile;glaubwürdig, wahrscheinlich;
Adjektiv;profanus;;;;;;profana;profanum;unheilig, weltlich, profan;
Adjektiv;profundus;;;;;;profunda;profundum;tief, tiefgründig;
Adjektiv;propinquus;;;;;;propinqua;propinquum;nahe, verwandt, benachbart;
Adjektiv;propius;;;;;;propior;propior;näher, jünger;
Adjektiv;proprius;;;;;;propria;proprium;eigen, eigentümlich, besonders;
Adjektiv;prosper;;;;;;prospera;prosperum;günstig, glücklich, erfolgreich;
Adjektiv;proximus;;;;;;proxima;proximum;der nächste, letzte;
Adjektiv;proxumus;;;;;;proxuma;proxumum;der nächste, letzte;
Adjektiv;prudens;;;;prudentis;;prudens;prudens;klug, einsichtig, vorsichtig;
Adjektiv;publicus;;;;;;publica;publicum;öffentlich, staatlich, gemein;
Adjektiv;puerilis;;;;;;puerilis;puerile;knabenhaft, kindisch, kindlich;
Adjektiv;pulcher;;;;;;pulchra;pulchrum;schön, hübsch;
Adjektiv;purpureus;;;;;;purpurea;purpureum;purpurrot, dunkelrot;
Adjektiv;purus;;;;;;pura;purum;rein, sauber, makellos;
Adjektiv;qualis;;;;;;qualis;quale;was für ein, wie beschaffen;
Adjektiv;quantus;;;;;;quanta;quantum;wie groß, wie viel;
Adjektiv;quartus;;;;;;quarta;quartum;vierte;
Adjektiv;quintus;;;;;;quinta;quintum;fünfte;
Adjektiv;quotus;;;;;;quota;quotum;der wievielte;
Adjektiv;rapidus;;;;;;rapida;rapidum;schnell, reißend;
Adjektiv;rarus;;;;;;rara;rarum;dünn, selten, vereinzelt;
Adjektiv;rationalis;;;;;;rationalis;rationale;vernünftig, rational, verstandesgemäß;
Adjektiv;realis;;;;;;realis;reale;wirklich, real, sachlich;
Adjektiv;recens;;;;recentis;;recens;recens;frisch, neu, kürzlich;
Adjektiv;rectus;;;;;;recta;rectum;recht, gerade, richtig;
Adjektiv;regalis;;;;;;regalis;regale;königlich, herrscherlich;
Adjektiv;regius;;;;;;regia;regium;königlich;
Adjektiv;relicus;;;;;;relica;relicum;übrig, verbleibend;
Adjektiv;relicuus;;;;;;relicua;relicuum;übrig, verbleibend;
Adjektiv;religiosus;;;;;;religiosa;religiosum;fromm, gewissenhaft, heilig;
Adjektiv;reliquus;;;;;;reliqua;reliquum;übrig, verbleibend;
Adjektiv;remissus;;;;;;remissa;remissum;entspannt, nachlässig, mild;
Adjektiv;remotus;;;;;;remota;remotum;entfernt, abgelegen, fern;
Adjektiv;repentinus;;;;;;repentina;repentinum;plötzlich, unerwartet, unversehens;
Adjektiv;robustus;;;;;;robusta;robustum;hart, fest, kräftig;
Adjektiv;romanus;;;;;;romana;romanum;römisch;
Adjektiv;roseus;;;;;;rosea;roseum;rosig, rosenfarben;
Adjektiv;rotundus;;;;;;rotunda;rotundum;rund, kreisförmig;
Adjektiv;ruber;;;;;;rubra;rubrum;rot, rötlich;
Adjektiv;rufus;;;;;;rufa;rufum;rot, rothaarig, rötlich;
Adjektiv;rusticus;;;;;;rustica;rusticum;ländlich, bäurisch;
Adjektiv;rutundus;;;;;;rutunda;rutundum;rund, kreisförmig;
Adjektiv;sacer;;;;;;sacra;sacrum;heilig, geweiht;
Adjektiv;sacrilegus;;;;;;sacrilega;sacrilegum;frevelhaft, gotteslästerlich, ruchlos;
Adjektiv;saevus;;;;;;saeva;saevum;wild, grausam, heftig;
Adjektiv;salubris;;;;;;salubris;salubre;heilsam, gesund, zuträglich;
Adjektiv;salutaris;;;;;;salutaris;salutare;heilsam, heilsbringend, nützlich;
Adjektiv;salvus;;;;;;salva;salvum;wohlbehalten, unversehrt, gerettet;
Adjektiv;sanctus;;;;;;sancta;sanctum;heilig, unverletzlich, ehrwürdig;
Adjektiv;sanus;;;;;;sana;sanum;gesund, vernünftig;
Adjektiv;sapiens;;;;sapientis;;sapiens;sapiens;weise, klug, verständig;
Adjektiv;satisus;;;;;;satisa;satisum;genug, ausreichend;
Adjektiv;sceleratus;;;;;;scelerata;sceleratum;verbrecherisch, ruchlos;
Adjektiv;secretus;;;;;;secreta;secretum;getrennt, abgesondert, geheim;
Adjektiv;secundus;;;;;;secunda;secundum;folgend, zweite, günstig;
Adjektiv;securus;;;;;;secura;securum;sicher, sorglos, unbekümmert;
Adjektiv;segnis;;;;;;segnis;segne;träge, langsam, untätig;
Adjektiv;sempiternus;;;;;;sempiterna;sempiternum;immerwährend, ewig, fortdauernd;
Adjektiv;senex;;;;senis;;senex;senex;alt, bejahrt;
Adjektiv;senilis;;;;;;senilis;senile;greisenhaft, betagt, alt;
Adjektiv;sensibilis;;;;;;sensibilis;sensibile;fühlbar, sinnlich wahrnehmbar;philosophisch
Adjektiv;septimus;;;;;;septima;septimum;siebte;
Adjektiv;serenus;;;;;;serena;serenum;heiter, klar, ruhig;
Adjektiv;serotinus;;;;;;serotina;serotinum;spät, verspätet;
Adjektiv;sextus;;;;;;sexta;sextum;sechste;
Adjektiv;silvestris;;;;;;silvestris;silvestre;waldig, bewaldet;
Adjektiv;similis;;;;;;similis;simile;ähnlich, gleich;
Adjektiv;simplex;;;;simplicis;;simplex;simplex;einfach, schlicht, einfältig;
Adjektiv;simulatus;;;;;;simulata;simulatum;vorgetäuscht, geheuchelt, fingiert;
Adjektiv;sincerus;;;;;;sincera;sincerum;rein, aufrichtig, unverfälscht;
Adjektiv;singularis;;;;;;singularis;singulare;einzeln, einzigartig, einmalig;
Adjektiv;singulus;;;;;;singula;singulum;einzeln, jeder einzelne;
Adjektiv;sinister;;;;;;sinistra;sinistrum;link, ungünstig, ungeschickt;
Adjektiv;socialis;;;;;;socialis;sociale;gesellschaftlich, Bundesgenossen-, sozial;
Adjektiv;solidus;;;;;;solida;solidum;fest, dicht, massiv;
Adjektiv;sollemnis;;;;;;sollemnis;sollemne;feierlich, herkömmlich, heilig;
Adjektiv;sollicitus;;;;;;sollicita;sollicitum;besorgt, unruhig, ängstlich;
Adjektiv;solus;;;;;;sola;solum;allein, einzig;
Adjektiv;sordidus;;;;;;sordida;sordidum;schmutzig, gemein, armselig;
Adjektiv;spatiosus;;;;;;spatiosa;spatiosum;geräumig, weitläufig, ausgedehnt;
Adjektiv;specialis;;;;;;specialis;speciale;besonders, artgemäß, speziell;
Adjektiv;speciosus;;;;;;speciosa;speciosum;schön, scheinbar, trügerisch schön;
Adjektiv;spiritualis;;;;;;spiritualis;spirituale;geistig, geistlich, spirituell;
Adjektiv;splendidus;;;;;;splendida;splendidum;glänzend, prächtig, herrlich;
Adjektiv;stabilis;;;;;;stabilis;stabile;beständig, fest, standhaft;
Adjektiv;sterilis;;;;;;sterilis;sterile;unfruchtbar, karg, leer;
Adjektiv;strenuus;;;;;;strenua;strenuum;eifrig, tätig, rührig;
Adjektiv;studiosus;;;;;;studiosa;studiosum;eifrig, bemüht, ergeben;
Adjektiv;stultus;;;;;;stulta;stultum;töricht, dumm, närrisch;
Adjektiv;subitus;;;;;;subita;subitum;plötzlich, unerwartet, jäh;
Adjektiv;sublimis;;;;;;sublimis;sublime;hoch, erhaben;
Adjektiv;substantialis;;;;;;substantialis;substantiale;substanziell, wesenhaft, wirklich;philosophisch
Adjektiv;subtilis;;;;;;subtilis;subtile;fein, genau, scharfsinnig;
Adjektiv;summus;;;;;;summa;summum;höchst, oberst, äußerst;Superlativ
Adjektiv;superbus;;;;;;superba;superbum;stolz, hochmütig, überheblich;
Adjektiv;superfluus;;;;;;superflua;superfluum;überflüssig, überströmend;
Adjektiv;superior;;;;superioris;;superior;superius;höher, oberer, früher;Komparativ
Adjektiv;supernus;;;;;;superna;supernum;himmlisch, oberer, überirdisch;
Adjektiv;superus;;;;;;supera;superum;oben befindlich, höher, himmlisch;
Adjektiv;supremus;;;;;;suprema;supremum;höchst, letzt, äußerst;
Adjektiv;suptilis;;;;;;suptilis;suptile;fein, genau, scharfsinnig;
Adjektiv;taciturnus;;;;;;taciturna;taciturnum;schweigsam, verschwiegen, still;
Adjektiv;tacitus;;;;;;tacita;tacitum;still, schweigend, verschwiegen;
Adjektiv;talis;;;;;;talis;tale;solch, so beschaffen;
Adjektiv;tantus;;;;;;tanta;tantum;so groß, so viel;
Adjektiv;tardus;;;;;;tarda;tardum;langsam, spät;
Adjektiv;temperans;;;;temperantis;;temperans;temperans;mäßig, besonnen, enthaltsam;
Adjektiv;temporalis;;;;;;temporalis;temporale;zeitlich, weltlich, vergänglich;
Adjektiv;tenax;;;;tenacis;;tenax;tenax;festhaltend, hartnäckig, zäh;
Adjektiv;tener;;;;;;tenera;tenerum;zart, weich, jung;
Adjektiv;tenuis;;;;;;tenuis;tenue;dünn, fein, gering;
Adjektiv;terrenus;;;;;;terrena;terrenum;irdisch, weltlich, aus Erde;
Adjektiv;terrestris;;;;;;terrestris;terrestre;irdisch, Land-, Erd-;
Adjektiv;terribilis;;;;;;terribilis;terribile;furchtbar, schrecklich, entsetzlich;
Adjektiv;tertius;;;;;;tertia;tertium;dritte;
Adjektiv;timidus;;;;;;timida;timidum;furchtsam, zaghaft, ängstlich;
Adjektiv;totus;;;;;;tota;totum;ganz, gänzlich, vollständig;
Adjektiv;tranquillus;;;;;;tranquilla;tranquillum;ruhig, still, friedlich;
Adjektiv;trepidus;;;;;;trepida;trepidum;zitternd, beunruhigt, ängstlich;
Adjektiv;triplex;;;;triplicis;;triplex;triplex;dreifach, dreifältig, dreiteilig;
Adjektiv;tristis;;;;;;tristis;triste;traurig, betrübt;
Adjektiv;trux;;;;trucis;;trux;trux;wild, grimmig, grausam;
Adjektiv;turbidus;;;;;;turbida;turbidum;wild, trüb, stürmisch;
Adjektiv;turpis;;;;;;turpis;turpe;hässlich, schändlich, unanständig;
Adjektiv;tutus;;;;;;tuta;tutum;sicher, geschützt;
Adjektiv;tuus;;;;;;tua;tuum;dein;
Adjektiv;ullus;;;;;;ulla;ullum;irgendein;
Adjektiv;ultimus;;;;;;ultima;ultimum;der letzte, äußerste, höchste;
Adjektiv;unicus;;;;;;unica;unicum;einzig, einzigartig;
Adjektiv;universalis;;;;;;universalis;universale;allgemein, universal, umfassend;
Adjektiv;universus;;;;;;universa;universum;der ganze, gesamt, allgemein;
Adjektiv;unus;;;;;;una;unum;eins, einzig, allein;
Adjektiv;urbanus;;;;;;urbana;urbanum;städtisch, fein, weltmännisch;
Adjektiv;uter;;;;;;utra;utrum;welcher;von zweien
Adjektiv;uterque;;;;;;utraque;utrumque;jeder von beiden, beide;
Adjektiv;utilis;;;;;;utilis;utile;nützlich, brauchbar, vorteilhaft;
Adjektiv;valens;;;;valentis;;valens;valens;stark, kräftig, gesund;
Adjektiv;validus;;;;;;valida;validum;stark, kräftig, gültig;
Adjektiv;varius;;;;;;varia;varium;verschieden, mannigfaltig, bunt;
Adjektiv;vehemens;;;;vehementis;;vehemens;vehemens;heftig, leidenschaftlich;
Adjektiv;velox;;;;velocis;;velox;velox;schnell, rasch, flink;
Adjektiv;venerabilis;;;;;;venerabilis;venerabile;ehrwürdig, verehrungswürdig;
Adjektiv;venustus;;;;;;venusta;venustum;lieblich, anmutig, reizend;
Adjektiv;verax;;;;veracis;;verax;verax;wahrheitsliebend, wahrhaftig;
Adjektiv;verecundus;;;;;;verecunda;verecundum;schamhaft, bescheiden, sittsam;
Adjektiv;vernus;;;;;;verna;vernum;frühlingshaft, zum Frühling gehörig;
Adjektiv;verus;;;;;;vera;verum;wahr, echt, wirklich;
Adjektiv;vespertinus;;;;;;vespertina;vespertinum;abendlich, am Abend;
Adjektiv;vetus;;;;veteris;;vetus;vetus;alt, betagt, altbewährt;
Adjektiv;vicesimus;;;;;;vicesima;vicesimum;zwanzigste;
Adjektiv;vicinus;;;;;;vicina;vicinum;benachbart, nahe;
Adjektiv;vigil;;;;vigilis;;vigil;vigil;wachend, wachsam, munter;
Adjektiv;vilis;;;;;;vilis;vile;billig, gering, wertlos;
Adjektiv;viridis;;;;;;viridis;viride;grün, frisch, jugendlich;
Adjektiv;virilis;;;;;;virilis;virile;männlich, mannhaft, erwachsen;
Adjektiv;visibilis;;;;;;visibilis;visibile;sichtbar, sichtlich, ersichtlich;
Adjektiv;vitalis;;;;;;vitalis;vitale;lebendig, lebensnotwendig, vital;
Adjektiv;vitiosus;;;;;;vitiosa;vitiosum;fehlerhaft, lasterhaft, verdorben;
Adjektiv;vivus;;;;;;viva;vivum;lebendig, lebhaft;
Sonstiges;Io;;;;;;;;ei, ha;Ausruf
Sonstiges;a;;;;;;;;von, von...her, aus;
Sonstiges;ab;;;;;;;;von, von...her, aus;
Sonstiges;abs;;;;;;;;von, von...her, aus;
Sonstiges;ac;;;;;;;;und, und auch;
Sonstiges;actutum;;;;;;;;sofort, sogleich, auf der Stelle;
Sonstiges;ad;;;;;;;;zu, nach, bis, bei;
Sonstiges;adeo;;;;;;;;so sehr, bis dahin, in der Tat;
Sonstiges;adhoc;;;;;;;;bisher, bis jetzt;
Sonstiges;adhuc;;;;;;;;bisher, bis jetzt;
Sonstiges;adversum;;;;;;;;gegenüber, entgegen, gegen;
Sonstiges;adversus;;;;;;;;gegenüber, entgegen, gegen;
Sonstiges;advorsum;;;;;;;;gegenüber, entgegen, gegen;
Sonstiges;advorsus;;;;;;;;gegenüber, entgegen, gegen;
Sonstiges;aeque;;;;;;;;gleich, ebenso, gerecht;
Sonstiges;alias;;;;;;;;zu anderer Zeit, sonst;
Sonstiges;alibi;;;;;;;;anderswo, an einem anderen Ort;
Sonstiges;alicubi;;;;;;;;irgendwo, an irgendeinem Ort;
Sonstiges;alicunde;;;;;;;;von irgendwoher, von irgendeiner Seite;
Sonstiges;alioqui;;;;;;;;sonst, im übrigen;
Sonstiges;alioquin;;;;;;;;sonst, im übrigen;
Sonstiges;aliqu;;;;;;;;irgendjemand, irgendetwas;
Sonstiges;aliquando;;;;;;;;irgendwann, einmal, endlich;
Sonstiges;aliter;;;;;;;;anders, auf andere Weise;
Sonstiges;aliunde;;;;;;;;von anderswoher, von anderer Seite;
Sonstiges;alte;;;;;;;;hoch, tief, gründlich;
Sonstiges;amplius;;;;;;;;mehr, weiter, außerdem;
Sonstiges;an;;;;;;;;ob, oder;
Sonstiges;annon;;;;;;;;oder nicht, oder ob nicht;
Sonstiges;ante;;;;;;;;vor, voraus, früher;
Sonstiges;antequam;;;;;;;;bevor, ehe;
Sonstiges;apud;;;;;;;;bei, an, in der Nähe von;
Sonstiges;aput;;;;;;;;bei, an, in der Nähe von;
Sonstiges;at;;;;;;;;aber, dagegen, jedoch;
Sonstiges;atque;;;;;;;;und, sowie, und sogar;
Sonstiges;attamen;;;;;;;;aber doch, dennoch, jedoch;
Sonstiges;aut;;;;;;;;oder;
Sonstiges;autem;;;;;;;;aber, dagegen, jedoch;
Sonstiges;bene;;;;;;;;gut, wohl, sehr;
Sonstiges;bis;;;;;;;;zweimal, doppelt;
Sonstiges;causa;;;;;;;;wegen, um...willen;
Sonstiges;caussa;;;;;;;;wegen, um...willen;
Sonstiges;celeriter;;;;;;;;schnell, rasch, geschwind;
Sonstiges;celerrime;;;;;;;;sehr schnell, am schnellsten;
Sonstiges;centies;;;;;;;;hundertmal;
Sonstiges;centum;;;;;;;;hundert;
Sonstiges;certe;;;;;;;;sicher, gewiss, wenigstens;
Sonstiges;certo;;;;;;;;gewiss, sicher, bestimmt;
Sonstiges;circa;;;;;;;;ringsherum, um, gegen, ungefähr;
Sonstiges;circiter;;;;;;;;ungefähr, etwa, beinahe;
Sonstiges;circum;;;;;;;;ringsum, um herum, in der Runde;
Sonstiges;cis;;;;;;;;diesseits, hierseits;
Sonstiges;cito;;;;;;;;schnell, bald, eilends;
Sonstiges;citra;;;;;;;;diesseits, vor;
Sonstiges;clam;;;;;;;;heimlich, unbemerkt, insgeheim;
Sonstiges;com;;;;;;;;mit, zusammen;
Sonstiges;cominus;;;;;;;;in der Nähe, von nahem, nahebei;
Sonstiges;confestim;;;;;;;;sogleich, unverzüglich, auf der Stelle;
Sonstiges;contra;;;;;;;;gegenüber, gegen, dagegen;
Sonstiges;coque;;;;;;;;ebenso, auch;
Sonstiges;coram;;;;;;;;von Angesicht, offen, bei, vor;
Sonstiges;cras;;;;;;;;morgen, am nächsten Tag;
Sonstiges;crebro;;;;;;;;häufig, oft, wiederholt;
Sonstiges;cum;;;;;;;;als, wenn, weil, obwohl;
Sonstiges;cur;;;;;;;;warum, weshalb;
Sonstiges;de;;;;;;;;von...herab, über, gemäß;
Sonstiges;decies;;;;;;;;zehnmal;
Sonstiges;dehinc;;;;;;;;von nun an, ferner, hierauf;
Sonstiges;deinceps;;;;;;;;der Reihe nach, ferner, dann;
Sonstiges;deinde;;;;;;;;dann, darauf, ferner;
Sonstiges;demum;;;;;;;;endlich, erst, schließlich;
Sonstiges;denique;;;;;;;;schließlich, endlich;
Sonstiges;denuo;;;;;;;;abermals, von neuem, noch einmal;
Sonstiges;deorsum;;;;;;;;abwärts, hinab, nach unten;
Sonstiges;dextrorsum;;;;;;;;nach rechts, rechtsherum;
Sonstiges;diu;;;;;;;;lange, seit langem;
Sonstiges;donec;;;;;;;;solange, bis;
Sonstiges;du;;;;;;;;zwei;
Sonstiges;dudum;;;;;;;;vorhin, vor kurzem, längst;
Sonstiges;dum;;;;;;;;während, solange, wenn nur;
Sonstiges;dummodo;;;;;;;;vorausgesetzt dass, wenn nur, sofern nur;
Sonstiges;dumtaxat;;;;;;;;nur, lediglich, wenigstens, soweit;
Sonstiges;duodecim;;;;;;;;zwölf;
Sonstiges;e;;;;;;;;aus, heraus, seit;
Sonstiges;ecce;;;;;;;;siehe da! sieh!;
Sonstiges;ego;;;;;;;;ich;
Sonstiges;eminus;;;;;;;;aus der Ferne, von fern, weitab;
Sonstiges;enim;;;;;;;;denn, nämlich, in der Tat;
Sonstiges;equidem;;;;;;;;freilich, in der Tat, gewiss;
Sonstiges;erga;;;;;;;;gegen, gegenüber, in Bezug auf;
Sonstiges;ergo;;;;;;;;also, folglich;
Sonstiges;et;;;;;;;;und, sogar, auch;
Sonstiges;etenim;;;;;;;;und zwar, denn, nämlich, in der Tat;
Sonstiges;etiam;;;;;;;;und auch, außerdem, sogar;
Sonstiges;etiamnunc;;;;;;;;auch jetzt noch, noch jetzt, noch immer;
Sonstiges;etiamsi;;;;;;;;obwohl, selbst wenn, auch wenn;
Sonstiges;etsi;;;;;;;;obwohl, auch wenn, wenn auch;
Sonstiges;ex;;;;;;;;aus, heraus, seit;
Sonstiges;exinde;;;;;;;;von da an, ferner, dann;
Sonstiges;extemplo;;;;;;;;sogleich, unverzüglich, sofort;
Sonstiges;extra;;;;;;;;außerhalb, außer;
Sonstiges;extrinsecus;;;;;;;;von außen, äußerlich, von außen her;
Sonstiges;fere;;;;;;;;fast, beinahe, im allgemeinen;
Sonstiges;foras;;;;;;;;hinaus, nach draußen, vor die Tür;
Sonstiges;foris;;;;;;;;vor der Tür, auswärts;
Sonstiges;formaliter;;;;;;;;der Form nach, formal, förmlich;
Sonstiges;forsitan;;;;;;;;vielleicht;
Sonstiges;fortasse;;;;;;;;vielleicht, möglicherweise, etwa;
Sonstiges;fortassis;;;;;;;;vielleicht, möglicherweise, etwa;
Sonstiges;forte;;;;;;;;zufällig, etwa, von ungefähr;
Sonstiges;frustra;;;;;;;;vergeblich, umsonst;
Sonstiges;generaliter;;;;;;;;allgemein, im Allgemeinen, überhaupt;
Sonstiges;gradatim;;;;;;;;schrittweise, allmählich, nach und nach;
Sonstiges;gratia;;;;;;;;wegen, um willen, zugunsten;mit Genitiv
Sonstiges;h;;;;;;;;dieser, diese;
Sonstiges;hactenus;;;;;;;;so weit, bisher, bis hierher;
Sonstiges;haud;;;;;;;;nicht, keineswegs;
Sonstiges;haudquaquam;;;;;;;;keineswegs, durchaus nicht, mitnichten;
Sonstiges;heri;;;;;;;;gestern, am gestrigen Tag;
Sonstiges;heu;;;;;;;;oh! ach! wehe!;
Sonstiges;hinc;;;;;;;;von hier, daher;
Sonstiges;hodie;;;;;;;;heute;
Sonstiges;huc;;;;;;;;hierher, bis hierher;
Sonstiges;hucusque;;;;;;;;bis hierher, so lange, so weit;
Sonstiges;i;;;;;;;;er, sie, es, jener;
Sonstiges;iamdiu;;;;;;;;schon lange, längst, seit langem;
Sonstiges;iamiam;;;;;;;;gleich, jeden Augenblick, sogleich;
Sonstiges;iampridem;;;;;;;;schon lange, längst, seit langem;
Sonstiges;ibi;;;;;;;;dort, dorthin;
Sonstiges;identidem;;;;;;;;wiederholt, immer wieder, von Zeit zu Zeit;
Sonstiges;ideo;;;;;;;;deshalb, aus diesem Grund;
Sonstiges;igitur;;;;;;;;also, folglich, daher;
Sonstiges;ill;;;;;;;;jener, jene;
Sonstiges;illic;;;;;;;;dort, an jener Stelle, daselbst;
Sonstiges;illico;;;;;;;;sofort, sogleich, auf der Stelle;
Sonstiges;illuc;;;;;;;;dorthin;
Sonstiges;immo;;;;;;;;nein vielmehr, ja sogar, vielmehr;
Sonstiges;imprimis;;;;;;;;vor allem, besonders, in erster Linie;
Sonstiges;in;;;;;;;;in, an, auf;
Sonstiges;inde;;;;;;;;von dort, seitdem, daher;
Sonstiges;inferne;;;;;;;;von unten, aus der Tiefe, unterhalb;
Sonstiges;infra;;;;;;;;unten, unterhalb;
Sonstiges;initio;;;;;;;;am Anfang, anfangs, zu Beginn;
Sonstiges;insuper;;;;;;;;obendrein, außerdem, überdies;
Sonstiges;inter;;;;;;;;zwischen, unter, während;
Sonstiges;interdum;;;;;;;;manchmal, bisweilen;
Sonstiges;interea;;;;;;;;inzwischen, mittlerweile;
Sonstiges;interim;;;;;;;;inzwischen, mittlerweile;
Sonstiges;intra;;;;;;;;innerhalb, während;
Sonstiges;intro;;;;;;;;hinein, innen, drinnen;
Sonstiges;intus;;;;;;;;innen, drinnen, von innen;
Sonstiges;invicem;;;;;;;;wechselseitig, abwechselnd, gegenseitig;
Sonstiges;ips;;;;;;;;er selbst, sie selbst;
Sonstiges;ist;;;;;;;;jener, dieser;auf den Angesprochenen bezogen („dein da“)
Sonstiges;ita;;;;;;;;so, auf diese Weise;
Sonstiges;itaque;;;;;;;;und so, daher, deshalb;
Sonstiges;item;;;;;;;;ebenso, ebenfalls;
Sonstiges;iterum;;;;;;;;wiederum, zum zweiten Mal;
Sonstiges;itidem;;;;;;;;ebenso, gleichfalls, auf gleiche Weise;
Sonstiges;iuxta;;;;;;;;nahe bei, dicht daran, ebenso, gleich;
Sonstiges;jam;;;;;;;;schon, bereits, jetzt;
Sonstiges;libere;;;;;;;;frei, ungehindert, offen;
Sonstiges;licet;;;;;;;;obwohl, wenngleich, es ist erlaubt;Konjunktion oder unpersönlich
Sonstiges;longe;;;;;;;;weit, weit entfernt, bei weitem;
Sonstiges;magis;;;;;;;;mehr, eher, lieber, stärker;
Sonstiges;mane;;;;;;;;am Morgen, früh;
Sonstiges;mature;;;;;;;;bald, frühzeitig, rechtzeitig, reif;
Sonstiges;maxime;;;;;;;;besonders, am meisten;
Sonstiges;maxume;;;;;;;;besonders, am meisten;
Sonstiges;milies;;;;;;;;tausendmal;
Sonstiges;mill;;;;;;;;tausend;
Sonstiges;mille;;;;;;;;tausend;
Sonstiges;minime;;;;;;;;keineswegs, am wenigsten, nicht im geringsten;
Sonstiges;minus;;;;;;;;weniger;
Sonstiges;modo;;;;;;;;nur, gerade eben, jetzt erst;
Sonstiges;mox;;;;;;;;bald, danach;
Sonstiges;mutuo;;;;;;;;gegenseitig, wechselseitig, auf Gegenseitigkeit;
Sonstiges;n;;;;;;;;wir, uns;
Sonstiges;nam;;;;;;;;denn, nämlich;
Sonstiges;namque;;;;;;;;denn, nämlich;
Sonstiges;ne;;;;;;;;nicht, damit nicht;in Absichtssätzen
Sonstiges;nec;;;;;;;;und nicht, auch nicht;
Sonstiges;necdum;;;;;;;;und noch nicht, auch noch nicht;
Sonstiges;necne;;;;;;;;oder nicht, oder ob nicht;
Sonstiges;nedum;;;;;;;;geschweige denn, noch viel weniger;
Sonstiges;nempe;;;;;;;;freilich, gewiss, nämlich, allerdings;
Sonstiges;nequaquam;;;;;;;;keineswegs, durchaus nicht, mitnichten;
Sonstiges;neque;;;;;;;;und nicht, weder...noch;
Sonstiges;neuter;;;;;;;;keiner von beiden;Pronomen
Sonstiges;neutiquam;;;;;;;;keineswegs, durchaus nicht;
Sonstiges;nihilominus;;;;;;;;nichtsdestoweniger, dennoch, trotzdem;
Sonstiges;nimirum;;;;;;;;freilich, offenbar, nämlich, ohne Zweifel;
Sonstiges;nimis;;;;;;;;sehr, zu sehr;
Sonstiges;nisi;;;;;;;;wenn nicht, außer;
Sonstiges;nominatim;;;;;;;;namentlich, besonders, mit Namen;
Sonstiges;non;;;;;;;;nicht;
Sonstiges;nonne;;;;;;;;nicht etwa?;Fragewort, erwartet bejahende Antwort
Sonstiges;nonnumquam;;;;;;;;manchmal, bisweilen, zuweilen;
Sonstiges;novem;;;;;;;;neun;
Sonstiges;num;;;;;;;;etwa? ob?;Fragewort, erwartet verneinende Antwort
Sonstiges;numquam;;;;;;;;niemals;
Sonstiges;nunc;;;;;;;;nun, jetzt;
Sonstiges;nuper;;;;;;;;neulich, kürzlich, vor kurzem;
Sonstiges;nusquam;;;;;;;;nirgends, nirgendwo, an keinem Ort;
Sonstiges;o;;;;;;;;oh!;
Sonstiges;ob;;;;;;;;wegen, um...willen;
Sonstiges;obviam;;;;;;;;entgegen, gegenüber, im Wege;
Sonstiges;octo;;;;;;;;acht;
Sonstiges;olim;;;;;;;;einst, früher, dereinst;
Sonstiges;paene;;;;;;;;fast, beinahe;
Sonstiges;palam;;;;;;;;offen, öffentlich, offenbar;
Sonstiges;pariter;;;;;;;;gleich, zusammen;
Sonstiges;parum;;;;;;;;zu wenig, ungenügend;
Sonstiges;parumper;;;;;;;;eine kleine Weile, kurze Zeit;
Sonstiges;passim;;;;;;;;allenthalben, weit verbreitet, hier und da;
Sonstiges;paulatim;;;;;;;;allmählich, nach und nach, stückweise;
Sonstiges;paulo;;;;;;;;um ein wenig, etwas, ein wenig;
Sonstiges;paulum;;;;;;;;ein wenig, etwas, ein bisschen;
Sonstiges;pedetemptim;;;;;;;;schrittweise, allmählich, langsam;
Sonstiges;penes;;;;;;;;bei, in der Gewalt von, in der Hand von;
Sonstiges;penitus;;;;;;;;vollständig, tief, gänzlich, durch und durch;
Sonstiges;per;;;;;;;;durch, während, mittels;
Sonstiges;perinde;;;;;;;;ebenso, in gleicher Weise, geradeso;
Sonstiges;plerumque;;;;;;;;meistens, zum größten Teil, gewöhnlich;
Sonstiges;post;;;;;;;;hinter, nach, danach;
Sonstiges;postea;;;;;;;;nachher, danach;
Sonstiges;posthac;;;;;;;;künftig, nachher, von nun an;
Sonstiges;postquam;;;;;;;;nachdem;
Sonstiges;potissimum;;;;;;;;vorzugsweise, am liebsten, vor allem;
Sonstiges;praecipue;;;;;;;;besonders, vorzugsweise, vornehmlich;
Sonstiges;praesertim;;;;;;;;besonders, vor allem, hauptsächlich;
Sonstiges;praesto;;;;;;;;bereit, zur Stelle, gegenwärtig;
Sonstiges;praeter;;;;;;;;außer, entgegen, jenseits;
Sonstiges;praeterea;;;;;;;;außerdem, überdies;
Sonstiges;pridem;;;;;;;;längst, vor langer Zeit, vorher;
Sonstiges;pridie;;;;;;;;am Tag vorher, am vorigen Tag;
Sonstiges;primo;;;;;;;;zuerst, erstens, anfangs;
Sonstiges;primum;;;;;;;;zuerst, zum ersten Mal, erstens;
Sonstiges;prius;;;;;;;;früher, vorher, zuerst;
Sonstiges;pro;;;;;;;;für, vor, anstelle von;
Sonstiges;procul;;;;;;;;fern, entfernt;
Sonstiges;proinde;;;;;;;;deshalb, demgemäß;
Sonstiges;prope;;;;;;;;nahe, in der Nähe von;
Sonstiges;propter;;;;;;;;nahe, wegen;
Sonstiges;prorsum;;;;;;;;geradeaus, vorwärts, geradewegs;
Sonstiges;prorsus;;;;;;;;vollkommen, geradezu, durchaus;
Sonstiges;protinus;;;;;;;;sofort, sogleich;
Sonstiges;prout;;;;;;;;je nachdem, so wie, gemäß;
Sonstiges;qu;;;;;;;;wer, welcher, was für einer;
Sonstiges;qua;;;;;;;;wo, auf welchem Weg, auf welche Seite;
Sonstiges;quacumque;;;;;;;;woher auch immer, auf welchem Weg auch immer;
Sonstiges;quam;;;;;;;;wie, wie sehr, als;
Sonstiges;quamdiu;;;;;;;;wie lange, so lange als, während;
Sonstiges;quamobrem;;;;;;;;warum, weshalb, deshalb;
Sonstiges;quamquam;;;;;;;;obwohl, obgleich, wenn auch;
Sonstiges;quamvis;;;;;;;;obwohl, wie sehr auch;
Sonstiges;quando;;;;;;;;wann, zu welcher Zeit;
Sonstiges;quandoque;;;;;;;;manchmal, irgendwann, zu irgendeiner Zeit;
Sonstiges;quapropter;;;;;;;;deshalb, warum, weshalb;
Sonstiges;quare;;;;;;;;auf welche Weise, warum;
Sonstiges;quasi;;;;;;;;als ob, gleichsam;
Sonstiges;quatenus;;;;;;;;wie weit, wie lange;
Sonstiges;quater;;;;;;;;viermal;
Sonstiges;quattuor;;;;;;;;vier;
Sonstiges;quemadmodum;;;;;;;;wie, auf welche Weise, in welcher Art;
Sonstiges;qui;;;;;;;;wie, auf welche Weise;
Sonstiges;quia;;;;;;;;weil;
Sonstiges;quidem;;;;;;;;freilich, wenigstens, allerdings;
Sonstiges;quin;;;;;;;;warum nicht, in der Tat;
Sonstiges;quinct;;;;;;;;fünf;
Sonstiges;quinque;;;;;;;;fünf;
Sonstiges;quippe;;;;;;;;natürlich, freilich;
Sonstiges;quoad;;;;;;;;soweit, solange, bis;
Sonstiges;quocirca;;;;;;;;deshalb, weshalb, warum;
Sonstiges;quodammodo;;;;;;;;gewissermaßen, in gewisser Weise, sozusagen;
Sonstiges;quodsi;;;;;;;;wenn aber, wenn nun, wenn hingegen;
Sonstiges;quom;;;;;;;;als, zu der Zeit als;
Sonstiges;quominus;;;;;;;;damit nicht, dass nicht, umso weniger;
Sonstiges;quomodo;;;;;;;;wie, auf welche Weise;
Sonstiges;quondam;;;;;;;;einst, ehemals;
Sonstiges;quoniam;;;;;;;;weil, da ja;
Sonstiges;quoque;;;;;;;;auch, ebenfalls;
Sonstiges;quotannis;;;;;;;;jährlich, alljährlich, jedes Jahr;
Sonstiges;quotidie;;;;;;;;täglich, Tag für Tag;
Sonstiges;quotiens;;;;;;;;wie oft;
Sonstiges;raro;;;;;;;;selten, dünn, vereinzelt;
Sonstiges;realiter;;;;;;;;wirklich, in Wirklichkeit, der Sache nach;
Sonstiges;remisse;;;;;;;;gelassen, ohne Leidenschaft;
Sonstiges;repente;;;;;;;;plötzlich, unversehens, unerwartet;
Sonstiges;retro;;;;;;;;zurück, rückwärts, nach hinten;
Sonstiges;rite;;;;;;;;ordnungsgemäß, rechtmäßig, vorschriftsmäßig;
Sonstiges;rursum;;;;;;;;zurück, wiederum, andererseits;
Sonstiges;rursus;;;;;;;;zurück, andererseits, wiederum;
Sonstiges;saepe;;;;;;;;oft, häufig;
Sonstiges;saltem;;;;;;;;wenigstens, mindestens, immerhin;
Sonstiges;sane;;;;;;;;gewiss, freilich, allerdings, natürlich;
Sonstiges;satis;;;;;;;;genug, hinreichend;
Sonstiges;scilicet;;;;;;;;natürlich, freilich;
Sonstiges;secundo;;;;;;;;zweitens, zum zweiten Mal, ferner;
Sonstiges;secundum;;;;;;;;gemäß, nach, längs, entsprechend;
Sonstiges;secus;;;;;;;;anders, sonst;
Sonstiges;sed;;;;;;;;aber, sondern, jedoch;
Sonstiges;semel;;;;;;;;einmal, ein einziges Mal, zum ersten Mal;
Sonstiges;semper;;;;;;;;immer;
Sonstiges;sensim;;;;;;;;allmählich, nach und nach, unmerklich;
Sonstiges;separatim;;;;;;;;gesondert, einzeln, besonders;
Sonstiges;septem;;;;;;;;sieben;
Sonstiges;septies;;;;;;;;siebenmal;
Sonstiges;sero;;;;;;;;spät, zu spät, verspätet;
Sonstiges;seu;;;;;;;;oder wenn, oder;
Sonstiges;sex;;;;;;;;sechs;
Sonstiges;sexies;;;;;;;;sechsmal;
Sonstiges;si;;;;;;;;wenn, ob, falls;
Sonstiges;sic;;;;;;;;so, auf diese Weise;
Sonstiges;sicut;;;;;;;;so, wie, gleichwie;
Sonstiges;simul;;;;;;;;zugleich, gleichzeitig;
Sonstiges;simulac;;;;;;;;sobald, sobald als, sowie;
Sonstiges;sine;;;;;;;;ohne;
Sonstiges;siquidem;;;;;;;;wenn ja, da ja, wenn überhaupt;
Sonstiges;sive;;;;;;;;oder wenn, oder;
Sonstiges;solemniter;;;;;;;;feierlich, festlich, förmlich;
Sonstiges;solum;;;;;;;;nur, lediglich, bloß;
Sonstiges;specialiter;;;;;;;;besonders, eigens, speziell;
Sonstiges;spiritualiter;;;;;;;;geistig, geistlich, im geistlichen Sinn;
Sonstiges;sponte;;;;;;;;freiwillig, aus eigenem Antrieb, von selbst;
Sonstiges;statim;;;;;;;;sofort, sogleich;
Sonstiges;sub;;;;;;;;unter, unterhalb, während;
Sonstiges;subinde;;;;;;;;alsbald, wiederholt, sogleich darauf;
Sonstiges;subito;;;;;;;;plötzlich, unerwartet;
Sonstiges;substantialiter;;;;;;;;wesentlich, der Substanz nach;philosophisch
Sonstiges;super;;;;;;;;über, oberhalb, außerdem;
Sonstiges;superne;;;;;;;;von oben, oben, oberhalb;
Sonstiges;supra;;;;;;;;über, oberhalb, mehr als;
Sonstiges;sursum;;;;;;;;aufwärts, hinauf, nach oben;
Sonstiges;tam;;;;;;;;so, so sehr;
Sonstiges;tamdiu;;;;;;;;so lange, solange, so lange Zeit;
Sonstiges;tamen;;;;;;;;dennoch, trotzdem;
Sonstiges;tamquam;;;;;;;;wie, gleichsam als ob;
Sonstiges;tandem;;;;;;;;endlich, schließlich, doch noch;
Sonstiges;tantum;;;;;;;;nur, so sehr, so viel, bloß;
Sonstiges;tantummodo;;;;;;;;nur, lediglich, bloß;
Sonstiges;tarde;;;;;;;;langsam, spät, träge;
Sonstiges;temperanter;;;;;;;;mäßig, mit Maßen, besonnen;
Sonstiges;tenus;;;;;;;;bis zu, bis an, bis nach;Postposition mit Ablativ oder Genitiv
Sonstiges;ter;;;;;;;;dreimal;
Sonstiges;terci;;;;;;;;drei;
Sonstiges;tercio;;;;;;;;drittens, zum dritten Mal;
Sonstiges;tertio;;;;;;;;drittens, zum dritten Mal;
Sonstiges;tot;;;;;;;;so oft, so viele Male;
Sonstiges;totiens;;;;;;;;so oft, so viele Male, so häufig;
Sonstiges;tr;;;;;;;;drei;
Sonstiges;trans;;;;;;;;über hinweg, jenseits, hinüber;
Sonstiges;tredecim;;;;;;;;dreizehn;
Sonstiges;triginta;;;;;;;;dreißig;
Sonstiges;tu;;;;;;;;du;
Sonstiges;tum;;;;;;;;dann, ferner, damals;
Sonstiges;tunc;;;;;;;;dann, damals;
Sonstiges;ubique;;;;;;;;überall, allerorten, überallhin;
Sonstiges;ubivis;;;;;;;;irgendwo, überall, wo man will;
Sonstiges;ulterius;;;;;;;;weiter, darüber hinaus, ferner;
Sonstiges;ultimo;;;;;;;;zuletzt, schließlich, zum Schluss;
Sonstiges;ultra;;;;;;;;jenseits, darüber hinaus;
Sonstiges;ultro;;;;;;;;freiwillig, sogar, dazu, aus eigenem Antrieb;
Sonstiges;umquam;;;;;;;;jemals;
Sonstiges;un;;;;;;;;eins;
Sonstiges;una;;;;;;;;zusammen, zugleich, gemeinsam;
Sonstiges;unde;;;;;;;;woher, von wo;
Sonstiges;undecim;;;;;;;;elf;
Sonstiges;undeviginti;;;;;;;;neunzehn;
Sonstiges;undique;;;;;;;;von überall her, allseitig, ringsum;
Sonstiges;usquam;;;;;;;;irgendwo, irgendwohin, irgendwoher;
Sonstiges;usque;;;;;;;;überall, ständig, bis;
Sonstiges;ut;;;;;;;;dass, damit, wie, obwohl;
Sonstiges;utcumque;;;;;;;;wie auch immer, irgendwie, auf irgendeine Weise;
Sonstiges;uterque;;;;;;;;jeder von beiden, beide;Pronomen
Sonstiges;uti;;;;;;;;damit, dass, wie;
Sonstiges;utique;;;;;;;;wenigstens, jedenfalls, unbedingt;
Sonstiges;utpote;;;;;;;;als einer der, freilich, nämlich;
Sonstiges;utrimque;;;;;;;;von beiden Seiten, beiderseits;
Sonstiges;utrinque;;;;;;;;von beiden Seiten, beiderseits;
Sonstiges;utrum;;;;;;;;ob, ob etwa;Fragewort bei Doppelfragen
Sonstiges;valde;;;;;;;;sehr, gewaltig, mächtig;
Sonstiges;vel;;;;;;;;oder, auch, sogar, beispielsweise;
Sonstiges;velociter;;;;;;;;schnell, rasch, geschwind;
Sonstiges;velut;;;;;;;;wie, als ob;
Sonstiges;veluti;;;;;;;;wie, als ob, gleichsam, beispielsweise;
Sonstiges;vere;;;;;;;;wahrhaftig, wirklich, wahrlich;
Sonstiges;vero;;;;;;;;ja, in Wahrheit, gewiss;
Sonstiges;versus;;;;;;;;nach zu, gegen, in Richtung auf;
Sonstiges;vicissim;;;;;;;;abwechselnd, wiederum, wechselseitig;
Sonstiges;videlicet;;;;;;;;natürlich, freilich, nämlich;
Sonstiges;viginti;;;;;;;;zwanzig;
Sonstiges;vix;;;;;;;;kaum, schwerlich;
Sonstiges;vixdum;;;;;;;;kaum erst, kaum, noch kaum;
Substantiv;Christianus;;;;Christiani;M;;;Christ, Anhänger Christi;
Substantiv;Gallia;;;;Galliae;F;;;Gallien;
Substantiv;Gallus;;;;Galli;M;;;der Gallier;
Substantiv;Graecus;;;;Graeci;M;;;der Grieche;
Substantiv;Italia;;;;Italiae;F;;;Italien;
Substantiv;Roma;;;;Romae;F;;;Rom;
Substantiv;academia;;;;academiae;F;;;die Akademie, die Hochschule;
Substantiv;accessio;;;;accessionis;F;;;das Hinzukommen, der Zuwachs;
Substantiv;accidens;;;;accidentis;N;;;das Akzidens, die unwesentliche Eigenschaft;philosophisch
Substantiv;accusator;;;;accusatoris;M;;;der Ankläger;
Substantiv;acies;;;;aciei;F;;;die Schärfe, die Schlachtreihe;
Substantiv;actio;;;;actionis;F;;;die Handlung, der Vorgang, der Prozess;
Substantiv;actor;;;;actoris;M;;;der Handelnde, der Treiber, der Kläger;
Substantiv;actus;;;;actus;M;;;der Antrieb, der Akt, die Wirklichkeit;philosophisch
Substantiv;adcessio;;;;adcessionis;F;;;das Hinzukommen, der Zuwachs;
Substantiv;adfectio;;;;adfectionis;F;;;die Gemütsverfassung, die Stimmung;
Substantiv;adfectus;;;;adfectus;M;;;die Zuneigung, die Liebe;
Substantiv;adger;;;;adgeris;M;;;der Damm, der Wall;
Substantiv;aditus;;;;aditus;M;;;der Zugang, der Zutritt;
Substantiv;adparatus;;;;adparatus;M;;;die Vorbereitung, die Ausstattung;
Substantiv;adspectus;;;;adspectus;M;;;der Anblick, das Aussehen;
Substantiv;adulescens;;;;adulescentis;C;;;der Jugendliche, die Jugendliche;
Substantiv;adulescentia;;;;adulescentiae;F;;;die Jugend, die Jugendzeit;
Substantiv;advena;;;;advenae;C;;;der Zugewanderte, der Fremde;
Substantiv;adventus;;;;adventus;M;;;die Ankunft;
Substantiv;advocatus;;;;advocati;M;;;der Anwalt, der Beistand, der Fürsprecher;
Substantiv;aequator;;;;aequatoris;M;;;der Äquator;
Substantiv;aequitas;;;;aequitatis;F;;;die Billigkeit, die Gleichheit, die Gleichmäßigkeit;
Substantiv;aer;;;;aeris;M;;;die Luft;
Substantiv;aes;;;;aeris;N;;;das Geld, das Kupfer, die Bronze;
Substantiv;aestas;;;;aestatis;F;;;der Sommer;
Substantiv;aestimatio;;;;aestimationis;F;;;die Schätzung, die Bewertung;
Substantiv;aestumatio;;;;aestumationis;F;;;die Schätzung, die Bewertung;
Substantiv;aestus;;;;aestus;M;;;die Erregung, die Hitze, die Brandung;
Substantiv;aetas;;;;aetatis;F;;;das Lebensalter, das Zeitalter;
Substantiv;aeternitas;;;;aeternitatis;F;;;die Ewigkeit;
Substantiv;aether;;;;aetheris;M;;;der Äther, der Himmel;
Substantiv;aevitas;;;;aevitatis;F;;;das Lebensalter, das Zeitalter;
Substantiv;aevum;;;;aevi;N;;;die Zeit, das Zeitalter, die Ewigkeit;
Substantiv;aevus;;;;aevi;M;;;die Zeit, das Zeitalter, die Ewigkeit;
Substantiv;affectio;;;;affectionis;F;;;die Zuneigung, die Liebe;
Substantiv;affectus;;;;affectus;M;;;die Zuneigung, die Liebe;
Substantiv;ager;;;;agri;M;;;der Acker, das Feld, das Land;
Substantiv;agger;;;;aggeris;M;;;der Damm, der Wall;
Substantiv;agmen;;;;agminis;N;;;der Zug, die Schar, die Herde;
Substantiv;agnus;;;;agni;M;;;das Lamm;
Substantiv;ala;;;;alae;F;;;der Flügel, die Achsel;
Substantiv;allegoria;;;;allegoriae;F;;;die Allegorie, die Sinndeutung;
Substantiv;altare;;;;altaris;N;;;der Altar;
Substantiv;altitudo;;;;altitudinis;F;;;die Höhe, die Tiefe;
Substantiv;alvus;;;;alvi;C;;;der Bauch, der Leib;
Substantiv;ambitio;;;;ambitionis;F;;;der Ehrgeiz, das Streben nach Gunst;
Substantiv;ambitus;;;;ambitus;M;;;der Umkreis, die Bahn, die Bestechung;
Substantiv;amicitia;;;;amicitiae;F;;;die Freundschaft;
Substantiv;amicus;;;;amici;M;;;der Freund;
Substantiv;amor;;;;amoris;M;;;die Liebe;
Substantiv;angelus;;;;angeli;M;;;der Engel, der Bote;
Substantiv;anguis;;;;anguis;C;;;die Schlange;
Substantiv;angulus;;;;anguli;M;;;der Winkel, die Ecke;
Substantiv;angustia;;;;angustiae;F;;;die Enge, der Engpass;
Substantiv;anima;;;;animae;F;;;die Seele, der Geist, der Atem;
Substantiv;animal;;;;animalis;N;;;das Lebewesen, das Tier;
Substantiv;animus;;;;animi;M;;;der Geist, die Seele, der Mut;
Substantiv;annus;;;;anni;M;;;das Jahr;
Substantiv;anulus;;;;anuli;M;;;der Ring, der Fingerring;
Substantiv;anus;;;;anus;F;;;das alte Weib, die Greisin;
Substantiv;anxietas;;;;anxietatis;F;;;die Angst, die Beunruhigung;
Substantiv;apis;;;;apis;F;;;die Biene;
Substantiv;apostolus;;;;apostoli;M;;;der Apostel;
Substantiv;apparatus;;;;apparatus;M;;;die Vorbereitung, die Ausrüstung;
Substantiv;appetitus;;;;appetitus;M;;;das Begehren, der Trieb, die Begierde;
Substantiv;aqua;;;;aquae;F;;;das Wasser;
Substantiv;aquila;;;;aquilae;F;;;der Adler, das Legionsfeldzeichen;
Substantiv;ara;;;;arae;F;;;der Altar;
Substantiv;aranea;;;;araneae;F;;;die Spinne, das Spinnengewebe;
Substantiv;arbiterium;;;;arbiteri(i);N;;;das Urteil, die Entscheidung, die Vollmacht;
Substantiv;arbitrium;;;;arbitri(i);N;;;das Urteil, die Entscheidung, die Vollmacht;
Substantiv;arbor;;;;arboris;F;;;der Baum;
Substantiv;arcanum;;;;arcani;N;;;das Geheimnis;
Substantiv;arcus;;;;arcus;M;;;der Bogen, der Regenbogen;
Substantiv;ardor;;;;ardoris;M;;;die Glut, die Flamme, die Leidenschaft;
Substantiv;argentum;;;;argenti;N;;;das Silber, das Geld;
Substantiv;argumentum;;;;argumenti;N;;;der Beweis, das Argument;
Substantiv;arithmetica;;;;arithmeticae;F;;;die Arithmetik, die Rechenkunst;
Substantiv;armum;;;;armi;N;;;die Waffen, die Rüstung;
Substantiv;arquus;;;;arquus;M;;;der Bogen, der Regenbogen;
Substantiv;ars;;;;artis;F;;;die Kunst, das Handwerk, die Wissenschaft;
Substantiv;articlus;;;;articli;M;;;das Gelenk, der Gliedabschnitt;
Substantiv;articulus;;;;articuli;M;;;das Gelenk, der Gliedabschnitt;
Substantiv;artifex;;;;artificis;C;;;der Künstler, der Handwerker, der Urheber;
Substantiv;artufex;;;;artuficis;C;;;der Künstler, der Handwerker, der Urheber;
Substantiv;arx;;;;arcis;F;;;die Burg, die Zitadelle;
Substantiv;as;;;;assis;M;;;das As, die Kupfermünze;
Substantiv;asinus;;;;asini;M;;;der Esel;
Substantiv;aspectus;;;;aspectus;M;;;der Anblick, das Aussehen;
Substantiv;asperitas;;;;asperitatis;F;;;die Rauheit, die Härte, die Strenge;
Substantiv;assis;;;;assis;M;;;die Kupfermünze;
Substantiv;astronomia;;;;astronomiae;F;;;die Astronomie, die Sternkunde;
Substantiv;astrum;;;;astri;N;;;das Gestirn, der Stern;
Substantiv;atrium;;;;atri(i);N;;;der Vorhof, das Atrium, die Halle;
Substantiv;auctor;;;;auctoris;C;;;der Urheber, der Verkäufer, der Gewährsmann;
Substantiv;auctoritas;;;;auctoritatis;F;;;die Vollmacht, das Ansehen, die Autorität;
Substantiv;auditor;;;;auditoris;M;;;der Zuhörer, der Hörer;
Substantiv;aura;;;;aurae;F;;;die Luft, die Brise, der Hauch;
Substantiv;auris;;;;auris;F;;;das Ohr, das Gehör;
Substantiv;aurum;;;;auri;N;;;das Gold;
Substantiv;autumnus;;;;autumni;M;;;der Herbst;
Substantiv;auxilium;;;;auxili(i);N;;;die Hilfe, der Beistand;
Substantiv;avena;;;;avenae;F;;;das Rohr, der Hafer;
Substantiv;avis;;;;avis;F;;;der Vogel;
Substantiv;avunculus;;;;avunculi;M;;;der Onkel mütterlicherseits;
Substantiv;avus;;;;avi;M;;;der Großvater, der Ahnherr;
Substantiv;baculum;;;;baculi;N;;;der Stab, der Stock;
Substantiv;baptisma;;;;baptismatis;N;;;die Taufe;
Substantiv;baptismus;;;;baptismi;M;;;die Taufe;
Substantiv;barba;;;;barbae;F;;;der Bart;
Substantiv;basilica;;;;basilicae;F;;;die Basilika, die Gerichtshalle;
Substantiv;beatitudo;;;;beatitudinis;F;;;die Glückseligkeit, die Seligkeit;
Substantiv;bellum;;;;belli;N;;;der Krieg;
Substantiv;benedictio;;;;benedictionis;F;;;der Segen, das Lob;
Substantiv;beneficium;;;;benefici(i);N;;;die Wohltat, die Gunst;
Substantiv;benignitas;;;;benignitatis;F;;;die Güte, die Freundlichkeit, die Milde;
Substantiv;bestia;;;;bestiae;F;;;das Tier, die Bestie, das Raubtier;
Substantiv;bibliotheca;;;;bibliothecae;F;;;die Bibliothek, die Büchersammlung;
Substantiv;bonitas;;;;bonitatis;F;;;die Güte, die Trefflichkeit;
Substantiv;bonum;;;;boni;N;;;das Gute, der Vorteil;
Substantiv;bos;;;;bovis;C;;;der Ochse, die Kuh, das Rind;
Substantiv;bracchium;;;;bracchi(i);N;;;der Arm, der Unterarm;
Substantiv;brachium;;;;brachi(i);N;;;der Arm, der Unterarm;
Substantiv;cacumen;;;;cacuminis;N;;;der Gipfel, die Spitze;
Substantiv;caedes;;;;caedis;F;;;das Blutbad, der Mord;
Substantiv;caedis;;;;caedis;F;;;das Blutbad, der Mord;
Substantiv;caelum;;;;caeli;N;;;der Himmel;
Substantiv;caelus;;;;caeli;M;;;der Himmel;
Substantiv;campus;;;;campi;M;;;das Feld, die Ebene;
Substantiv;candela;;;;candelae;F;;;die Kerze, das Licht;
Substantiv;canis;;;;canis;C;;;der Hund;
Substantiv;canticum;;;;cantici;N;;;das Lied, der Gesang;
Substantiv;capillus;;;;capilli;M;;;das Haar;
Substantiv;capra;;;;caprae;F;;;die Ziege;
Substantiv;caput;;;;capitis;N;;;der Kopf, das Haupt, das Leben;
Substantiv;carcer;;;;carceris;M;;;das Gefängnis, der Kerker;
Substantiv;cardo;;;;cardinis;M;;;die Angel, der Wendepunkt;
Substantiv;caritas;;;;caritatis;F;;;die Liebe, die Nächstenliebe, die Teuerung;
Substantiv;carmen;;;;carminis;N;;;das Lied, das Gedicht;
Substantiv;caro;;;;carnis;F;;;das Fleisch;
Substantiv;caseus;;;;casei;M;;;der Käse;
Substantiv;castrum;;;;castri;N;;;das Lager, die Festung;
Substantiv;casus;;;;casus;M;;;der Fall, der Zufall, das Unglück;
Substantiv;cathedra;;;;cathedrae;F;;;der Stuhl, der Lehrstuhl;
Substantiv;causa;;;;causae;F;;;die Ursache, der Grund;
Substantiv;caussa;;;;caussae;F;;;die Ursache, der Grund;
Substantiv;cella;;;;cellae;F;;;der Vorratsraum, der Keller;
Substantiv;cena;;;;cenae;F;;;das Abendessen, das Mahl;
Substantiv;census;;;;census;M;;;die Volkszählung, der Vermögensstand;
Substantiv;ceremonia;;;;ceremoniae;F;;;die Feier, die Zeremonie, der Gottesdienst;
Substantiv;certamen;;;;certaminis;N;;;der Wettkampf, der Kampf;
Substantiv;certitudo;;;;certitudinis;F;;;die Gewissheit, die Sicherheit;
Substantiv;cervix;;;;cervicis;F;;;der Nacken, der Hals;
Substantiv;cervus;;;;cervi;M;;;der Hirsch;
Substantiv;charta;;;;chartae;F;;;das Papier, die Urkunde, das Blatt;
Substantiv;chors;;;;chortis;F;;;der Hof, das Gefolge;
Substantiv;chorus;;;;chori;M;;;der Chor, der Reigen;
Substantiv;cibus;;;;cibi;M;;;die Speise, die Nahrung;
Substantiv;cinis;;;;cineris;C;;;die Asche;
Substantiv;circlus;;;;circli;M;;;der Kreis;
Substantiv;circuitus;;;;circuitus;M;;;der Umlauf, der Umkreis;
Substantiv;circulus;;;;circuli;M;;;der Kreis;
Substantiv;circumitus;;;;circumitus;M;;;der Umlauf, der Umkreis;
Substantiv;circus;;;;circi;M;;;der Zirkus, die Rennbahn, der Kreis;
Substantiv;civis;;;;civis;C;;;der Mitbürger;
Substantiv;civitas;;;;civitatis;F;;;der Staat, die Bürgerschaft;
Substantiv;clades;;;;cladis;F;;;die Niederlage, das Unglück;
Substantiv;clamor;;;;clamoris;M;;;das Geschrei, der Beifall;
Substantiv;clamos;;;;clamosis;M;;;das Geschrei, der Beifall;
Substantiv;claustrum;;;;claustri;N;;;der Riegel, der Schlüssel;
Substantiv;clavus;;;;clavi;M;;;der Nagel, der Purpurstreifen;
Substantiv;clementia;;;;clementiae;F;;;die Milde, die Gnade, die Nachsicht;
Substantiv;clericus;;;;clerici;M;;;der Geistliche, der Kleriker;
Substantiv;clerus;;;;cleri;M;;;der Klerus, die Geistlichkeit;
Substantiv;cliens;;;;clientis;C;;;der Klient, der Schützling, der Gefolgsmann;
Substantiv;clostrum;;;;clostri;N;;;der Riegel, der Schlüssel;
Substantiv;clustrum;;;;clustri;N;;;der Riegel, der Schlüssel;
Substantiv;codex;;;;codicis;M;;;der Baumstamm, das Buch, der Kodex;
Substantiv;coelum;;;;coeli;N;;;der Himmel;
Substantiv;coelus;;;;coeli;M;;;der Himmel;
Substantiv;cogitatio;;;;cogitationis;F;;;das Denken, die Überlegung;
Substantiv;cognatio;;;;cognationis;F;;;die Verwandtschaft, die Sippe;
Substantiv;cognitio;;;;cognitionis;F;;;die Untersuchung, die Erkenntnis;
Substantiv;cohors;;;;cohortis;F;;;der Hof, die Kohorte;
Substantiv;collum;;;;colli;N;;;der Hals, der Nacken;
Substantiv;collus;;;;colli;M;;;der Hals, der Nacken;
Substantiv;colonia;;;;coloniae;F;;;die Kolonie, die Pflanzstadt;
Substantiv;color;;;;coloris;M;;;die Farbe;
Substantiv;colos;;;;coloris;M;;;die Farbe;
Substantiv;columba;;;;columbae;F;;;die Taube;
Substantiv;columna;;;;columnae;F;;;die Säule;
Substantiv;comes;;;;comitis;C;;;der Gefährte, der Begleiter;
Substantiv;cometes;;;;cometae;M;;;der Komet, der Schweifstern;
Substantiv;comitatus;;;;comitatus;M;;;das Gefolge, die Schar;
Substantiv;comitium;;;;comiti(i);N;;;die Volksversammlung;
Substantiv;commentarius;;;;commentari(i);M;;;das Denkbuch, der Kommentar;
Substantiv;commercium;;;;commerci(i);N;;;der Handel, der Verkehr;
Substantiv;comoedia;;;;comoediae;F;;;die Komödie, das Lustspiel;
Substantiv;comparatio;;;;comparationis;F;;;der Vergleich, die Zusammenstellung;
Substantiv;compendium;;;;compendi(i);N;;;der Gewinn, die Ersparnis;
Substantiv;complexus;;;;complexus;M;;;die Umarmung, der Umfang;
Substantiv;concilium;;;;concili(i);N;;;die Versammlung, das Konzil, der Rat;
Substantiv;conclusio;;;;conclusionis;F;;;der Schluss, die Schlussfolgerung;
Substantiv;concupiscentia;;;;concupiscentiae;F;;;die Begierde, das Begehren;
Substantiv;condicio;;;;condicionis;F;;;die Bedingung, der Zustand;
Substantiv;conditio;;;;conditionis;F;;;die Bedingung, der Zustand;
Substantiv;confessio;;;;confessionis;F;;;das Geständnis, die Beichte, das Bekenntnis;
Substantiv;coniectura;;;;coniecturae;F;;;die Vermutung, die Mutmaßung;
Substantiv;coniugium;;;;coniugi(i);N;;;die Ehe, die Verbindung;
Substantiv;coniunx;;;;coniugis;C;;;der Ehegatte, die Ehegattin;
Substantiv;conjunctio;;;;conjunctionis;F;;;die Verbindung;
Substantiv;conmercium;;;;conmerci(i);N;;;der Handel, der Verkehr;
Substantiv;conparatio;;;;conparationis;F;;;der Vergleich, die Zusammenstellung;
Substantiv;conpendium;;;;conpendi(i);N;;;der Gewinn, die Ersparnis;
Substantiv;conplexus;;;;conplexus;M;;;die Umarmung, der Umfang;
Substantiv;conscientia;;;;conscientiae;F;;;das Gewissen, das Mitwissen;
Substantiv;consilium;;;;consili(i);N;;;die Beratung, der Rat, der Plan;
Substantiv;constantia;;;;constantiae;F;;;die Beständigkeit, die Standhaftigkeit;
Substantiv;consuetudo;;;;consuetudinis;F;;;die Gewohnheit, der Brauch;
Substantiv;consul;;;;consulis;M;;;der Konsul;
Substantiv;contentio;;;;contentionis;F;;;die Anstrengung, der Streit, der Vergleich;
Substantiv;continentia;;;;continentiae;F;;;die Enthaltsamkeit, die Mäßigung;
Substantiv;contractus;;;;contractus;M;;;der Vertrag, das Geschäft;
Substantiv;conventus;;;;conventus;M;;;die Versammlung, das Kloster, der Gerichtstag;
Substantiv;convivium;;;;convivi(i);N;;;das Gastmahl, das Festessen;
Substantiv;copia;;;;copiae;F;;;die Menge, der Vorrat, die Truppen;
Substantiv;cor;;;;cordis;N;;;das Herz, der Verstand;
Substantiv;cornu;;;;cornus;N;;;das Horn, der Flügel;Heeresflügel
Substantiv;corona;;;;coronae;F;;;die Krone, der Kranz;
Substantiv;corpus;;;;corporis;N;;;der Körper, die Person;
Substantiv;cors;;;;cortis;F;;;der Hof, das Gefolge;
Substantiv;corvus;;;;corvi;M;;;der Rabe;
Substantiv;costa;;;;costae;F;;;die Rippe, die Seite;
Substantiv;cratis;;;;cratis;F;;;das Flechtwerk;
Substantiv;creatio;;;;creationis;F;;;die Schöpfung, die Erschaffung;
Substantiv;creator;;;;creatoris;M;;;der Schöpfer, der Urheber;
Substantiv;creatura;;;;creaturae;F;;;das Geschöpf, die Kreatur;
Substantiv;crimen;;;;criminis;N;;;die Anklage, die Beschuldigung;
Substantiv;crudelitas;;;;crudelitatis;F;;;die Grausamkeit, die Härte;
Substantiv;cruor;;;;cruoris;M;;;das Blut, das Blutbad, die Wunde;
Substantiv;crus;;;;cruris;N;;;das Bein, der Unterschenkel;
Substantiv;crux;;;;crucis;F;;;das Kreuz, die Marter, die Qual;
Substantiv;cubiculum;;;;cubiculi;N;;;das Schlafzimmer, das Ruhegemach;
Substantiv;culina;;;;culinae;F;;;die Küche;
Substantiv;culpa;;;;culpae;F;;;die Schuld, der Fehler;
Substantiv;cultus;;;;cultus;M;;;die Kultivierung, die Verehrung, die Bildung;
Substantiv;cupiditas;;;;cupiditatis;F;;;die Begierde, die Leidenschaft, die Habsucht;
Substantiv;cura;;;;curae;F;;;die Sorge, die Pflege, die Aufmerksamkeit;
Substantiv;cursus;;;;cursus;M;;;der Lauf, die Fahrt;
Substantiv;custodia;;;;custodiae;F;;;die Bewachung, die Aufsicht;
Substantiv;custos;;;;custodis;C;;;der Wächter, der Hüter;
Substantiv;daemon;;;;daemonis;M;;;der Dämon, der böse Geist;
Substantiv;damnum;;;;damni;N;;;der Schaden, der Verlust;
Substantiv;debitor;;;;debitoris;M;;;der Schuldner;
Substantiv;decretum;;;;decreti;N;;;der Beschluss, der Erlass;
Substantiv;decus;;;;decoris;N;;;die Zierde, die Ehre, die Würde;
Substantiv;definitio;;;;definitionis;F;;;die Definition, die Begriffsbestimmung;
Substantiv;delectatio;;;;delectationis;F;;;die Lust, das Vergnügen, die Freude;
Substantiv;delicia;;;;deliciae;F;;;der Liebling, das Vergnügen;
Substantiv;delubrum;;;;delubri;N;;;das Heiligtum, der Tempel;
Substantiv;demonstratio;;;;demonstrationis;F;;;der Beweis, die Darstellung, die Zeigung;
Substantiv;denarius;;;;denari(i);M;;;der Denar;
Substantiv;dens;;;;dentis;M;;;der Zahn;
Substantiv;deus;;;;dei;M;;;der Gott, Gott;
Substantiv;diabolus;;;;diaboli;M;;;der Teufel;
Substantiv;diaconus;;;;diaconi;M;;;der Diakon;
Substantiv;dialectica;;;;dialecticae;F;;;die Dialektik, die Kunst des Beweisens;
Substantiv;dictio;;;;dictionis;F;;;das Wort, die Ausdrucksweise, die Rede;
Substantiv;dictum;;;;dicti;N;;;das Wort, der Ausspruch, der Spruch;
Substantiv;dies;;;;diei;C;;;der Tag;
Substantiv;differentia;;;;differentiae;F;;;der Unterschied, die Differenz;
Substantiv;digitus;;;;digiti;M;;;der Finger, die Zehe;
Substantiv;dignitas;;;;dignitatis;F;;;die Würde, das Ansehen, das Amt;
Substantiv;dilectio;;;;dilectionis;F;;;die Liebe, die Zuneigung;
Substantiv;diocesis;;;;dioceseos;F;;;die Diözese, der Bistumsbezirk;
Substantiv;disciplina;;;;disciplinae;F;;;die Zucht, die Schulung, die Wissenschaft;
Substantiv;discipulus;;;;discipuli;M;;;der Schüler, der Jünger, der Lehrling;
Substantiv;discrimen;;;;discriminis;N;;;der Unterschied, der kritische Punkt, die Gefahr;
Substantiv;disputatio;;;;disputationis;F;;;die Disputation, die Erörterung;
Substantiv;divitia;;;;divitiae;F;;;der Reichtum;
Substantiv;divortium;;;;divorti(i);N;;;die Scheidung, die Wasserscheide;
Substantiv;divus;;;;divi;M;;;der Gott;
Substantiv;doctrina;;;;doctrinae;F;;;die Lehre, die Unterweisung, die Bildung;
Substantiv;dolor;;;;doloris;M;;;der Schmerz, die Trauer;
Substantiv;domina;;;;dominae;F;;;die Herrin, die Hausherrin, die Gebieterin;
Substantiv;dominium;;;;domini(i);N;;;das Eigentum, die Herrschaft, die Gewalt;
Substantiv;dominus;;;;domini;M;;;der Herr, der Besitzer;
Substantiv;domus;;;;domus;F;;;das Haus, der Haushalt;
Substantiv;donum;;;;doni;N;;;das Geschenk, die Gabe;
Substantiv;dos;;;;dotis;F;;;die Mitgift, die Gabe;
Substantiv;draco;;;;draconis;M;;;der Drache, die Schlange;
Substantiv;dubitatio;;;;dubitationis;F;;;der Zweifel, das Zögern;
Substantiv;dulcedo;;;;dulcedinis;F;;;die Süße, die Annehmlichkeit;
Substantiv;dux;;;;ducis;M;;;der Führer, der Anführer;
Substantiv;ecclesia;;;;ecclesiae;F;;;die Kirche, die Versammlung;
Substantiv;edictum;;;;edicti;N;;;der Erlass, das Edikt;
Substantiv;effectus;;;;effectus;M;;;die Wirkung, der Erfolg, das Ergebnis;
Substantiv;effigies;;;;effigiei;F;;;das Abbild, das Bildnis;
Substantiv;elegantia;;;;elegantiae;F;;;die Feinheit, die Eleganz, die Geschmackvollheit;
Substantiv;elementum;;;;elementi;N;;;das Element, der Anfangsgrund;
Substantiv;elephans;;;;elephantis;M;;;der Elefant, das Elfenbein;
Substantiv;elephantus;;;;elephanti;M;;;der Elefant, das Elfenbein;
Substantiv;eloquentia;;;;eloquentiae;F;;;die Beredsamkeit, die Redekunst;
Substantiv;ens;;;;entis;N;;;das Seiende, das Wesen;philosophisch
Substantiv;entitas;;;;entitatis;F;;;das Seiendsein, die Entität;philosophisch
Substantiv;episcopus;;;;episcopi;M;;;der Bischof;
Substantiv;epistula;;;;epistulae;F;;;der Brief, das Sendschreiben;
Substantiv;equus;;;;equi;M;;;das Pferd, das Ross;
Substantiv;error;;;;erroris;M;;;der Irrtum, das Irren, der Fehler;
Substantiv;essentia;;;;essentiae;F;;;das Wesen, die Essenz;philosophisch
Substantiv;etas;;;;etatis;F;;;das Zeitalter, das Lebensalter;
Substantiv;ethica;;;;ethicae;F;;;die Ethik, die Sittenlehre;
Substantiv;eucharistia;;;;eucharistiae;F;;;die Eucharistie, das heilige Abendmahl;
Substantiv;evangelium;;;;evangeli(i);N;;;das Evangelium, die frohe Botschaft;
Substantiv;evidentia;;;;evidentiae;F;;;die Evidenz, die Einleuchtendheit;
Substantiv;exemplar;;;;exemplaris;N;;;das Muster, das Vorbild, die Abschrift;
Substantiv;exemplum;;;;exempli;N;;;das Beispiel, das Vorbild;
Substantiv;exercitus;;;;exercitus;M;;;das Heer, das Fußvolk;
Substantiv;experimentum;;;;experimenti;N;;;der Versuch, das Experiment, die Erfahrung;
Substantiv;exsilium;;;;exsili(i);N;;;die Verbannung, das Exil;
Substantiv;extremus;;;;extremi;M;;;der letzte, der äußerste;
Substantiv;exul;;;;exulis;C;;;der Verbannte, der Flüchtling;
Substantiv;fabula;;;;fabulae;F;;;die Erzählung, das Schauspiel;
Substantiv;facies;;;;faciei;F;;;die Gestalt, das Gesicht, die Schönheit;
Substantiv;facultas;;;;facultatis;F;;;die Möglichkeit, die Fähigkeit, die Fakultät;
Substantiv;falsitas;;;;falsitatis;F;;;die Falschheit, die Unwahrheit;
Substantiv;fama;;;;famae;F;;;das Gerücht, der Ruf, der Ruhm;
Substantiv;fames;;;;famis;F;;;der Hunger;
Substantiv;familia;;;;familiae;F;;;die Familie, die Hausgemeinschaft, die Sklavenschar;
Substantiv;famulus;;;;famuli;M;;;der Sklave, der Diener;
Substantiv;fanum;;;;fani;N;;;das Heiligtum, der Tempel;
Substantiv;fas;;;;undeclined;N;;;das göttliche Recht, das Erlaubte;indeklinabel
Substantiv;fatum;;;;fati;N;;;das Schicksal, der Ausspruch, der Untergang;
Substantiv;faux;;;;faucis;F;;;der Rachen, die Kehle, die Meerenge;
Substantiv;fax;;;;facis;F;;;die Fackel;
Substantiv;felicitas;;;;felicitatis;F;;;das Glück, die Glückseligkeit;
Substantiv;femina;;;;feminae;F;;;die Frau, das Weib;
Substantiv;femur;;;;feminis;N;;;der Oberschenkel;
Substantiv;fenestra;;;;fenestrae;F;;;das Fenster;
Substantiv;feritas;;;;feritatis;F;;;die Wildheit, die Grausamkeit;
Substantiv;ferrum;;;;ferri;N;;;das Eisen, das Schwert, das Werkzeug;
Substantiv;fetus;;;;fetus;M;;;der Nachwuchs, die Frucht;
Substantiv;fides;;;;fidei;F;;;der Glaube, die Treue, das Vertrauen;
Substantiv;figura;;;;figurae;F;;;die Gestalt, die Figur, das Bild;
Substantiv;filia;;;;filiae;F;;;die Tochter;
Substantiv;filius;;;;fili;M;;;der Sohn;
Substantiv;finis;;;;finis;C;;;die Grenze, das Ende, das Gebiet;
Substantiv;fiscus;;;;fisci;M;;;die Staatskasse, der Fiskus;
Substantiv;flamma;;;;flammae;F;;;die Flamme;
Substantiv;flos;;;;floris;M;;;die Blume, die Blüte;
Substantiv;flumen;;;;fluminis;N;;;der Fluss, der Strom;
Substantiv;fluvius;;;;fluvi(i);M;;;der Fluss;
Substantiv;foedus;;;;foederis;N;;;der Vertrag, das Bündnis;
Substantiv;foetus;;;;foetus;M;;;der Nachwuchs, die Frucht;
Substantiv;folium;;;;foli(i);N;;;das Blatt;
Substantiv;fons;;;;fontis;M;;;die Quelle, der Brunnen;
Substantiv;forma;;;;formae;F;;;die Gestalt, die Form, die Schönheit;
Substantiv;formica;;;;formicae;F;;;die Ameise;
Substantiv;formido;;;;formidinis;F;;;die Furcht, der Schrecken;
Substantiv;formula;;;;formulae;F;;;die Form, das Muster, die Vorschrift;
Substantiv;fortitudo;;;;fortitudinis;F;;;die Tapferkeit, die Stärke;
Substantiv;fortuna;;;;fortunae;F;;;das Schicksal, das Glück;
Substantiv;forum;;;;fori;N;;;der Markt, das Forum;
Substantiv;frater;;;;fratris;M;;;der Bruder;
Substantiv;frenum;;;;freni;N;;;der Zaum, der Zügel;
Substantiv;frenus;;;;freni;M;;;der Zaum, der Zügel;
Substantiv;frigus;;;;frigoris;N;;;die Kälte;
Substantiv;frons;;;;frontis;C;;;die Stirn, das Gesicht;
Substantiv;fructus;;;;fructus;M;;;die Frucht, der Ertrag, der Genuss;
Substantiv;frumentum;;;;frumenti;N;;;das Getreide, das Korn;
Substantiv;fuga;;;;fugae;F;;;die Flucht;
Substantiv;fumus;;;;fumi;M;;;der Rauch, der Dampf;
Substantiv;funus;;;;funeris;N;;;das Begräbnis, der Tod;
Substantiv;gaudium;;;;gaudi(i);N;;;die Freude, die Lust;
Substantiv;gemma;;;;gemmae;F;;;der Edelstein, die Knospe;
Substantiv;gena;;;;genae;F;;;die Wange;
Substantiv;gens;;;;gentis;F;;;der Stamm, das Volk, das Geschlecht;
Substantiv;genu;;;;genus;N;;;das Knie;
Substantiv;genus;;;;generis;N;;;das Geschlecht, die Gattung, die Art;
Substantiv;geometria;;;;geometriae;F;;;die Geometrie, die Feldmesskunst;
Substantiv;glacies;;;;glaciei;F;;;das Eis;
Substantiv;gladius;;;;gladi(i);M;;;das Schwert;
Substantiv;gloria;;;;gloriae;F;;;der Ruhm, die Ehre;
Substantiv;gracia;;;;graciae;F;;;die Gunst, das Ansehen;
Substantiv;gradus;;;;gradus;M;;;der Schritt, die Stufe, der Rang;
Substantiv;gramen;;;;graminis;N;;;das Gras, das Kraut;
Substantiv;grammatica;;;;grammaticae;F;;;die Grammatik, die Sprachlehre;
Substantiv;grando;;;;grandinis;F;;;der Hagel;
Substantiv;gratia;;;;gratiae;F;;;die Gunst, der Dank;
Substantiv;gravitas;;;;gravitatis;F;;;der Ernst, die Würde, das Gewicht;
Substantiv;gurges;;;;gurgitis;M;;;der Strudel, der Wirbel, die Flut;
Substantiv;guttur;;;;gutturis;N;;;der Hals, die Kehle;
Substantiv;haeresis;;;;haereseos;F;;;die Ketzerei, die Irrlehre;
Substantiv;harena;;;;harenae;F;;;der Sand, die Arena;
Substantiv;hebdomas;;;;hebdomadis;F;;;die Woche, die Siebenzahl;
Substantiv;herba;;;;herbae;F;;;das Kraut, das Gras;
Substantiv;hereditas;;;;hereditatis;F;;;das Erbe, die Erbschaft;
Substantiv;heres;;;;heredis;C;;;der Erbe, die Erbin;
Substantiv;hiems;;;;hiemis;F;;;der Winter;
Substantiv;historia;;;;historiae;F;;;die Geschichte, die Erzählung;
Substantiv;histrio;;;;histrionis;M;;;der Schauspieler;
Substantiv;homo;;;;hominis;M;;;der Mensch;
Substantiv;honestas;;;;honestatis;F;;;die Ehrenhaftigkeit, die Tugend;
Substantiv;honor;;;;honoris;M;;;die Ehre, das Ansehen;
Substantiv;honos;;;;honoris;M;;;die Ehre, das Ansehen;
Substantiv;hora;;;;horae;F;;;die Stunde, die Zeit;
Substantiv;hortus;;;;horti;M;;;der Garten;
Substantiv;hospes;;;;hospitis;C;;;der Gast, der Gastgeber, der Fremde;
Substantiv;hostia;;;;hostiae;F;;;das Opfertier, die Hostie;
Substantiv;hostis;;;;hostis;C;;;der Feind;
Substantiv;humanitas;;;;humanitatis;F;;;die Menschlichkeit, die Humanität, die Bildung;
Substantiv;humilitas;;;;humilitatis;F;;;die Demut, die Niedrigkeit;
Substantiv;humor;;;;humoris;M;;;die Feuchtigkeit, der Saft;
Substantiv;humus;;;;humi;F;;;der Boden, die Erde;
Substantiv;hymnus;;;;hymni;M;;;die Hymne, das Kirchenlied;
Substantiv;ictus;;;;ictus;M;;;der Schlag, der Stoß;
Substantiv;ignis;;;;ignis;M;;;das Feuer;
Substantiv;imaginatio;;;;imaginationis;F;;;die Vorstellung, die Einbildung, die Imagination;
Substantiv;imago;;;;imaginis;F;;;das Bild, das Abbild;
Substantiv;imber;;;;imbris;M;;;der Regen, der Regenguß;
Substantiv;imperator;;;;imperatoris;M;;;der Kaiser, der Feldherr;
Substantiv;imperium;;;;imperi(i);N;;;der Befehl, die Herrschaft, das Reich;
Substantiv;impetus;;;;impetus;M;;;der Angriff, der Antrieb;
Substantiv;incarnatio;;;;incarnationis;F;;;die Menschwerdung, die Inkarnation;
Substantiv;incola;;;;incolae;C;;;der Bewohner, die Bewohnerin;
Substantiv;indicium;;;;indici(i);N;;;das Merkmal, die Anzeige, der Hinweis;
Substantiv;indulgentia;;;;indulgentiae;F;;;die Nachsicht, der Ablass, die Milde;
Substantiv;infans;;;;infantis;C;;;das Kindlein, der Säugling;
Substantiv;infantia;;;;infantiae;F;;;die Kindheit, die Sprachlosigkeit;
Substantiv;infernus;;;;inferni;M;;;die Unterwelt, die Hölle;
Substantiv;infinitas;;;;infinitatis;F;;;die Unendlichkeit, die Unbegrenztheit;
Substantiv;ingenium;;;;ingeni(i);N;;;die Anlage, die Begabung, der Charakter;
Substantiv;initium;;;;initi(i);N;;;der Anfang, der Beginn;
Substantiv;injuria;;;;injuriae;F;;;das Unrecht, die Beleidigung;
Substantiv;innocentia;;;;innocentiae;F;;;die Unschuld, die Harmlosigkeit;
Substantiv;inquisitio;;;;inquisitionis;F;;;die Untersuchung, die Nachforschung;
Substantiv;insidia;;;;insidiae;F;;;der Hinterhalt, die Nachstellung;
Substantiv;institutum;;;;instituti;N;;;die Einrichtung, der Brauch, die Anstalt;
Substantiv;insula;;;;insulae;F;;;die Insel;
Substantiv;integritas;;;;integritatis;F;;;die Unversehrtheit, die Lauterkeit;
Substantiv;intellectus;;;;intellectus;M;;;der Verstand, das Erfassen, der Sinn;
Substantiv;intelligentia;;;;intelligentiae;F;;;die Einsicht, der Verstand, die Intelligenz;
Substantiv;intestinum;;;;intestini;N;;;der Darm, die Eingeweide;
Substantiv;invidia;;;;invidiae;F;;;der Neid, der Hass, die Missgunst;
Substantiv;iocus;;;;ioci;M;;;der Scherz, der Spaß;
Substantiv;ira;;;;irae;F;;;der Zorn, der Groll;
Substantiv;iter;;;;itineris;N;;;der Weg, die Reise, der Marsch;
Substantiv;iumentum;;;;iumenti;N;;;das Zugtier, das Lasttier;
Substantiv;iurisdictio;;;;iurisdictionis;F;;;die Rechtsprechung, die Gerichtsbarkeit;
Substantiv;iustitia;;;;iustitiae;F;;;die Gerechtigkeit, das Recht;
Substantiv;iuventus;;;;iuventutis;F;;;die Jugend, das Jungvolk;
Substantiv;janua;;;;januae;F;;;die Tür, der Eingang;
Substantiv;judex;;;;judicis;M;;;der Richter;
Substantiv;judicium;;;;judici(i);N;;;das Gericht, das Urteil;
Substantiv;juditium;;;;juditi(i);N;;;das Gericht, das Urteil;
Substantiv;jugum;;;;jugi;N;;;das Joch, der Bergrücken;
Substantiv;jus;;;;juris;N;;;das Recht, das Gesetz;
Substantiv;kaput;;;;kapitis;N;;;der Kopf, das Haupt;
Substantiv;kardo;;;;kardinis;M;;;die Angel, der Wendepunkt;
Substantiv;labor;;;;laboris;M;;;die Arbeit, die Mühe;
Substantiv;labos;;;;laboris;M;;;die Arbeit, die Mühe;
Substantiv;lac;;;;lactis;N;;;die Milch;
Substantiv;lacrima;;;;lacrimae;F;;;die Träne;
Substantiv;lacus;;;;lacus;M;;;der Behälter, der See;
Substantiv;laetitia;;;;laetitiae;F;;;die Freude, die Fröhlichkeit;
Substantiv;laicus;;;;laici;M;;;der Laie, der Nichtgeistliche;
Substantiv;lapis;;;;lapidis;M;;;der Stein;
Substantiv;largitio;;;;largitionis;F;;;die Schenkung, die Freigebigkeit;
Substantiv;latus;;;;lateris;N;;;die Seite, die Flanke;
Substantiv;laus;;;;laudis;F;;;das Lob, der Ruhm;
Substantiv;lectio;;;;lectionis;F;;;das Lesen, die Lesung, die Textstelle;
Substantiv;lector;;;;lectoris;M;;;der Leser, der Vorleser;
Substantiv;lectus;;;;lecti;M;;;das Bett, das Lager, das Sofa;
Substantiv;legatus;;;;legati;M;;;der Gesandte, der Legat, der Statthalter;
Substantiv;legio;;;;legionis;F;;;die Legion, das Heer;
Substantiv;lenitas;;;;lenitatis;F;;;die Milde, die Sanftheit;
Substantiv;leo;;;;leonis;M;;;der Löwe;
Substantiv;lepus;;;;leporis;M;;;der Hase;
Substantiv;levamen;;;;levaminis;N;;;die Linderung, der Trost;
Substantiv;levitas;;;;levitatis;F;;;die Leichtigkeit, der Leichtsinn;
Substantiv;lex;;;;legis;F;;;das Gesetz, die Bedingung;
Substantiv;libellus;;;;libelli;M;;;das Büchlein, die Bittschrift;
Substantiv;liber;;;;liberi;M;;;die Kinder;
Substantiv;liberalitas;;;;liberalitatis;F;;;die Freigebigkeit, die Edelmut;
Substantiv;libertas;;;;libertatis;F;;;die Freiheit;
Substantiv;libertus;;;;liberti;M;;;der Freigelassene;
Substantiv;libido;;;;libidinis;F;;;die Begierde, die Lust;
Substantiv;licentia;;;;licentiae;F;;;die Freiheit, die Erlaubnis, die Zügellosigkeit;
Substantiv;lignum;;;;ligni;N;;;das Holz, der Baumstamm, der Balken;
Substantiv;limen;;;;liminis;N;;;die Schwelle, der Eingang;
Substantiv;limes;;;;limitis;M;;;der Grenzweg, die Grenze, der Grenzwall;
Substantiv;linea;;;;lineae;F;;;die Linie, die Leine, die Grenzlinie;
Substantiv;lingua;;;;linguae;F;;;die Zunge, die Sprache;
Substantiv;littera;;;;litterae;F;;;der Buchstabe, der Brief;
Substantiv;litus;;;;litoris;N;;;das Ufer, der Strand, die Küste;
Substantiv;locus;;;;loci;M;;;der Ort, die Stelle, der Rang;
Substantiv;logica;;;;logicae;F;;;die Logik, die Folgerungskunst;
Substantiv;lubido;;;;lubidinis;F;;;die Begierde, die Lust;
Substantiv;lucerna;;;;lucernae;F;;;die Lampe, die Öllampe;
Substantiv;luctus;;;;luctus;M;;;die Trauer, das Leid, die Klage;
Substantiv;lucus;;;;luci;M;;;der Hain, der heilige Wald;
Substantiv;ludus;;;;ludi;M;;;das Spiel, die Schule, der Sport;
Substantiv;lumen;;;;luminis;N;;;das Licht, die Leuchte;
Substantiv;luna;;;;lunae;F;;;der Mond;
Substantiv;lupus;;;;lupi;M;;;der Wolf;
Substantiv;lux;;;;lucis;F;;;das Licht, der Tag;
Substantiv;luxuria;;;;luxuriae;F;;;die Üppigkeit, der Luxus, die Schwelgerei;
Substantiv;lyra;;;;lyrae;F;;;die Leier;
Substantiv;macula;;;;maculae;F;;;der Fleck, der Makel;
Substantiv;magister;;;;magistri;M;;;der Lehrer, der Meister;
Substantiv;magistratus;;;;magistratus;M;;;das Amt, der Beamte, die Obrigkeit;
Substantiv;magnanimitas;;;;magnanimitatis;F;;;die Großmut, die Hochherzigkeit;
Substantiv;magnitudo;;;;magnitudinis;F;;;die Größe, die Bedeutung;
Substantiv;majestas;;;;majestatis;F;;;die Majestät, die Würde;
Substantiv;major;;;;majoris;M;;;die Vorfahren;
Substantiv;maledictio;;;;maledictionis;F;;;der Fluch, die Verwünschung;
Substantiv;maleficium;;;;malefici(i);N;;;das Unrecht, die Übeltat, der Schaden;
Substantiv;malitia;;;;malitiae;F;;;die Schlechtigkeit, die Bosheit, die Arglist;
Substantiv;manus;;;;manus;F;;;die Hand, die Schar;
Substantiv;mare;;;;maris;N;;;das Meer;
Substantiv;maritus;;;;mariti;M;;;der Ehemann, der Gatte;
Substantiv;marmor;;;;marmoris;N;;;der Marmor;
Substantiv;martyr;;;;martyris;C;;;der Märtyrer, die Märtyrerin;
Substantiv;martyrium;;;;martyri(i);N;;;das Martyrium, der Märtyrertod;
Substantiv;mater;;;;matris;F;;;die Mutter;
Substantiv;materia;;;;materiae;F;;;das Holz, das Material;
Substantiv;materies;;;;materiei;F;;;das Holz, das Material;
Substantiv;matertera;;;;materterae;F;;;die Tante mütterlicherseits;
Substantiv;matrimonium;;;;matrimoni(i);N;;;die Ehe, die Heirat;
Substantiv;medicus;;;;medici;M;;;der Arzt, die Ärztin;
Substantiv;meditatio;;;;meditationis;F;;;das Nachdenken, die Meditation, die Übung;
Substantiv;membrana;;;;membranae;F;;;das Pergament, die Haut, die Membran;
Substantiv;membrum;;;;membri;N;;;das Glied, der Körperteil;
Substantiv;memoria;;;;memoriae;F;;;das Gedächtnis, die Erinnerung;
Substantiv;mendacium;;;;mendaci(i);N;;;die Lüge, die Unwahrheit;
Substantiv;mens;;;;mentis;F;;;der Geist, der Verstand;
Substantiv;mensa;;;;mensae;F;;;der Tisch, das Mahl;
Substantiv;mensis;;;;mensis;M;;;der Monat;
Substantiv;mercator;;;;mercatoris;M;;;der Kaufmann, der Händler;
Substantiv;merces;;;;mercedis;F;;;der Lohn, die Miete, die Ware;
Substantiv;meridies;;;;meridiei;M;;;der Mittag, der Süden;
Substantiv;merx;;;;mercis;F;;;die Ware;
Substantiv;messis;;;;messis;F;;;die Ernte, die Erntezeit;
Substantiv;metaphysica;;;;metaphysicae;F;;;die Metaphysik;
Substantiv;metrum;;;;metri;N;;;das Versmaß, das Maß;
Substantiv;metus;;;;metus;M;;;die Furcht, die Angst;
Substantiv;miles;;;;militis;M;;;der Soldat;
Substantiv;minister;;;;ministri;M;;;der Diener, der Gehilfe;
Substantiv;miraculum;;;;miraculi;N;;;das Wunder, das Wunderwerk;
Substantiv;misericordia;;;;misericordiae;F;;;die Barmherzigkeit, das Mitleid;
Substantiv;missa;;;;missae;F;;;die Messe, die Messefeier;
Substantiv;modestia;;;;modestiae;F;;;die Bescheidenheit, die Mäßigung;
Substantiv;modus;;;;modi;M;;;die Art, die Weise, das Maß;
Substantiv;moene;;;;moenis;N;;;die Mauer, die Stadtmauer;
Substantiv;moles;;;;molis;F;;;die Masse, der Aufwand;
Substantiv;momentum;;;;momenti;N;;;der Augenblick, die Ursache, das Moment;
Substantiv;monachus;;;;monachi;M;;;der Mönch;
Substantiv;monasterium;;;;monasterii;N;;;das Kloster;
Substantiv;moneta;;;;monetae;F;;;die Münze, die Münzstätte;
Substantiv;mons;;;;montis;M;;;der Berg;
Substantiv;monumentum;;;;monumenti;N;;;das Denkmal, das Erinnerungswerk;
Substantiv;mora;;;;morae;F;;;die Verzögerung, das Hindernis;
Substantiv;morbus;;;;morbi;M;;;die Krankheit;
Substantiv;mors;;;;mortis;F;;;der Tod;
Substantiv;mos;;;;moris;M;;;die Sitte, der Brauch;
Substantiv;motus;;;;motus;M;;;die Bewegung, die Erregung, der Aufstand;
Substantiv;mulier;;;;mulieris;F;;;die Frau, die Ehefrau;
Substantiv;multitudo;;;;multitudinis;F;;;die Menge, die Vielzahl;
Substantiv;mundus;;;;mundi;M;;;die Welt, das All;
Substantiv;municipium;;;;municipi(i);N;;;die Munizipalstadt, die Stadt;
Substantiv;munus;;;;muneris;N;;;die Aufgabe, das Geschenk, die Pflicht;
Substantiv;murus;;;;muri;M;;;die Mauer, die Stadtmauer;
Substantiv;musa;;;;musae;F;;;die Muse;
Substantiv;musica;;;;musicae;F;;;die Musik, die Tonkunst;
Substantiv;mysterium;;;;mysteri(i);N;;;das Geheimnis, das Mysterium;
Substantiv;narratio;;;;narrationis;F;;;die Erzählung, die Schilderung;
Substantiv;nasus;;;;nasi;M;;;die Nase;
Substantiv;natio;;;;nationis;F;;;das Volk, die Nation, die Geburt;
Substantiv;natura;;;;naturae;F;;;die Natur, die Geburt;
Substantiv;naufragium;;;;naufragi(i);N;;;der Schiffbruch, das Wrack;
Substantiv;nauta;;;;nautae;M;;;der Seemann, der Schiffer;
Substantiv;navis;;;;navis;F;;;das Schiff;
Substantiv;necessitas;;;;necessitatis;F;;;die Notwendigkeit, der Bedarf;
Substantiv;nefas;;;;undeclined;N;;;das Unrecht, das Frevel, das Unerlaubte;indeklinabel
Substantiv;negotiator;;;;negotiatoris;M;;;der Geschäftsmann, der Bankier;
Substantiv;negotium;;;;negoti(i);N;;;die Mühe, das Geschäft;
Substantiv;nemo;;;;neminis;C;;;niemand;
Substantiv;nemus;;;;nemoris;N;;;der Wald;
Substantiv;nepos;;;;nepotis;C;;;der Enkel, der Verschwender;
Substantiv;nervus;;;;nervi;M;;;die Sehne, der Nerv;
Substantiv;nihil;;;;undeclined;N;;;nichts;
Substantiv;nil;;;;undeclined;N;;;nichts;
Substantiv;nimbus;;;;nimbis;M;;;die Wolke, der Regensturm;
Substantiv;nix;;;;nivis;F;;;der Schnee;
Substantiv;nobilitas;;;;nobilitatis;F;;;der Adel, die Vornehmheit, die Berühmtheit;
Substantiv;nomen;;;;nominis;N;;;der Name;
Substantiv;nota;;;;notae;F;;;das Zeichen, die Marke, die Notiz;
Substantiv;noverca;;;;novercae;F;;;die Stiefmutter;
Substantiv;novitas;;;;novitatis;F;;;die Neuheit, die Ungewohntheit;
Substantiv;nox;;;;noctis;F;;;die Nacht;
Substantiv;nubes;;;;nubis;F;;;die Wolke;
Substantiv;numen;;;;numinis;N;;;der göttliche Wille, die Gottheit;
Substantiv;numerus;;;;numeri;M;;;die Zahl, die Menge;
Substantiv;nummus;;;;nummi;M;;;die Münze, das Geldstück;
Substantiv;nuncius;;;;nunci(i);M;;;der Bote, die Botschaft;
Substantiv;nuntius;;;;nunti(i);M;;;der Bote, die Botschaft;
Substantiv;nympha;;;;nymphae;F;;;die Nymphe;
Substantiv;obiectio;;;;obiectionis;F;;;der Einwand, der Einwurf;
Substantiv;obiectum;;;;obiecti;N;;;das Objekt, der Gegenstand, das Vorgeworfene;
Substantiv;obligatio;;;;obligationis;F;;;die Verpflichtung, die Bindung;
Substantiv;observatio;;;;observationis;F;;;die Beobachtung, die Aufmerksamkeit;
Substantiv;occasio;;;;occasionis;F;;;die Gelegenheit, die Veranlassung;
Substantiv;occasus;;;;occasus;M;;;der Untergang, der Fall, der Westen;
Substantiv;oculus;;;;oculi;M;;;das Auge;
Substantiv;odium;;;;odi(i);N;;;der Hass;
Substantiv;odor;;;;odoris;M;;;der Geruch, der Duft;
Substantiv;officium;;;;offici(i);N;;;die Pflicht, das Amt;
Substantiv;oleum;;;;olei;N;;;das Öl;
Substantiv;onus;;;;oneris;N;;;die Last, die Bürde, die Fracht;
Substantiv;operatio;;;;operationis;F;;;das Wirken, die Tätigkeit, die Operation;
Substantiv;opinio;;;;opinionis;F;;;die Meinung, die Ansicht, der Ruf;
Substantiv;oppidum;;;;oppidi;N;;;die Stadt, die befestigte Stadt;
Substantiv;opportunitas;;;;opportunitatis;F;;;die Günstigkeit, die Gelegenheit, die Zweckmäßigkeit;
Substantiv;ops;;;;opis;F;;;die Macht, die Hilfe;
Substantiv;opservatio;;;;opservationis;F;;;die Beobachtung, die Aufmerksamkeit;
Substantiv;opus;;;;operis;N;;;der Bedarf, das Werk, die Arbeit;
Substantiv;oratio;;;;orationis;F;;;die Rede, das Gebet;
Substantiv;orator;;;;oratoris;M;;;der Redner;
Substantiv;orbis;;;;orbis;M;;;der Kreis, das Erdrund;
Substantiv;ordo;;;;ordinis;M;;;die Ordnung, die Reihe, der Stand;
Substantiv;origo;;;;originis;F;;;der Ursprung, die Herkunft, die Quelle;
Substantiv;ortus;;;;ortus;M;;;der Aufgang, der Ursprung, der Osten;
Substantiv;os;;;;oris;N;;;der Mund, das Gesicht, die Sprache;
Substantiv;osculum;;;;osculi;N;;;der Kuss;
Substantiv;ostium;;;;osti(i);N;;;der Eingang, die Tür, die Mündung;
Substantiv;otium;;;;oti(i);N;;;die Muße, die Freizeit;
Substantiv;ovis;;;;ovis;F;;;das Schaf;
Substantiv;pactum;;;;pacti;N;;;der Vertrag, das Bündnis, die Abmachung;
Substantiv;palaestra;;;;palaestrae;F;;;die Ringerschule, die Übungsstätte;
Substantiv;palma;;;;palmae;F;;;die Handfläche, die Palme;
Substantiv;palus;;;;paludis;F;;;der Sumpf, der Morast;
Substantiv;panis;;;;panis;M;;;das Brot;
Substantiv;papa;;;;papae;M;;;der Papst;
Substantiv;papyrus;;;;papyri;F;;;der Papyrus, die Papyrusstaude;
Substantiv;parabola;;;;parabolae;F;;;das Gleichnis, die Parabel;
Substantiv;paradisus;;;;paradisi;M;;;das Paradies;
Substantiv;parens;;;;parentis;C;;;der Elternteil, der Vater, die Mutter;
Substantiv;paries;;;;parietis;M;;;die Wand, die Mauer;
Substantiv;pars;;;;partis;F;;;der Teil, die Gegend, die Partei;
Substantiv;passio;;;;passionis;F;;;das Leiden, die Passion, die Erregung;
Substantiv;pastor;;;;pastoris;M;;;der Hirte;
Substantiv;pater;;;;patris;M;;;der Vater;
Substantiv;paterfamilias;;;;patrisfamilias;M;;;der Familienvater, der Hausherr;
Substantiv;patria;;;;patriae;F;;;das Vaterland, die Heimat;
Substantiv;patrimonium;;;;patrimoni(i);N;;;das väterliche Erbe, das Erbgut;
Substantiv;patronus;;;;patroni;M;;;der Schutzherr, der Patron, der Anwalt;
Substantiv;pavor;;;;pavoris;M;;;das Zittern, die Furcht, der Schreck;
Substantiv;pax;;;;pacis;F;;;der Friede;
Substantiv;peccator;;;;peccatoris;M;;;der Sünder, die Sünderin;
Substantiv;peccatum;;;;peccati;N;;;die Sünde, das Vergehen;
Substantiv;pectus;;;;pectoris;N;;;die Brust, das Herz;
Substantiv;pecunia;;;;pecuniae;F;;;das Geld, der Besitz;
Substantiv;pecus;;;;pecoris;N;;;das Vieh, die Herde;
Substantiv;pecus;;;;pecudis;F;;;das Vieh, das Tier, das Schaf;
Substantiv;pelagus;;;;pelagi;N;;;das Meer;
Substantiv;pellis;;;;pellis;F;;;die Haut, das Fell, das Leder;
Substantiv;perfectio;;;;perfectionis;F;;;die Vollkommenheit, die Vollendung;
Substantiv;perfidia;;;;perfidiae;F;;;die Treulosigkeit, der Verrat;
Substantiv;periclum;;;;pericli;N;;;die Gefahr;
Substantiv;periculum;;;;periculi;N;;;die Gefahr;
Substantiv;periodus;;;;periodi;F;;;die Periode, das Satzgefüge, der Umlauf;
Substantiv;peritia;;;;peritiae;F;;;die Erfahrung, die Geschicklichkeit, die Kenntnis;
Substantiv;persona;;;;personae;F;;;die Maske, die Person, der Charakter;
Substantiv;pes;;;;pedis;M;;;der Fuß;
Substantiv;philosophia;;;;philosophiae;F;;;die Philosophie, die Weltweisheit;
Substantiv;philosophus;;;;philosophi;M;;;der Philosoph;
Substantiv;physica;;;;physicae;F;;;die Naturlehre, die Physik;
Substantiv;pietas;;;;pietatis;F;;;die Pflichttreue, die Frömmigkeit;
Substantiv;pinna;;;;pinnae;F;;;die Feder, der Flügel;
Substantiv;piscis;;;;piscis;M;;;der Fisch;
Substantiv;planeta;;;;planetae;M;;;der Planet, der Wandelstern;
Substantiv;plebs;;;;plebis;F;;;das Volk, die Plebs, der gemeine Mann;
Substantiv;plumbum;;;;plumbi;N;;;das Blei;
Substantiv;pluvia;;;;pluviae;F;;;der Regen, der Regenfall;
Substantiv;poculum;;;;poculi;N;;;der Becher, der Trank;
Substantiv;poema;;;;poematis;N;;;das Gedicht, das Poem;
Substantiv;poena;;;;poenae;F;;;die Strafe, die Buße;
Substantiv;poenitentia;;;;poenitentiae;F;;;die Buße, die Reue, die Besserung;
Substantiv;poeta;;;;poetae;M;;;der Dichter;
Substantiv;polus;;;;poli;M;;;der Pol, der Himmelspol;
Substantiv;pompa;;;;pompae;F;;;der Festzug, der Prunk, der Aufwand;
Substantiv;pomum;;;;pomi;N;;;die Frucht, der Apfel;
Substantiv;pondus;;;;ponderis;N;;;das Gewicht, die Last;
Substantiv;pontifex;;;;pontificis;M;;;der Oberpriester, der Papst, der Bischof;
Substantiv;pontus;;;;ponti;M;;;das Meer;
Substantiv;populus;;;;populi;M;;;das Volk, der Staat;
Substantiv;porcus;;;;porci;M;;;das Schwein;
Substantiv;porta;;;;portae;F;;;das Tor, der Eingang;
Substantiv;portus;;;;portus;M;;;der Hafen, die Hafenstadt;
Substantiv;possessio;;;;possessionis;F;;;der Besitz, das Eigentum, die Besitzergreifung;
Substantiv;posteritas;;;;posteritatis;F;;;die Nachwelt, die Nachkommenschaft;
Substantiv;potentia;;;;potentiae;F;;;die Macht, die Kraft, die Potenz;philosophisch
Substantiv;potestas;;;;potestatis;F;;;die Macht, die Gewalt;
Substantiv;potio;;;;potionis;F;;;der Trank, der Zaubertrank;
Substantiv;praeda;;;;praedae;F;;;die Beute, der Raub;
Substantiv;praedicatum;;;;praedicati;N;;;das Prädikat, die Aussage;logisch
Substantiv;praelium;;;;praeli(i);N;;;der Kampf, die Schlacht;
Substantiv;praemium;;;;praemi(i);N;;;der Preis, die Belohnung;
Substantiv;praesidium;;;;praesidi(i);N;;;der Schutz, die Besatzung;
Substantiv;praetor;;;;praetoris;M;;;der Prätor, der Feldherr;
Substantiv;prandium;;;;prandi(i);N;;;das Mittagessen, das Frühstück;
Substantiv;pratum;;;;prati;N;;;die Wiese;
Substantiv;presbyter;;;;presbyteri;M;;;der Priester;christlicher Priester
Substantiv;pretium;;;;preti(i);N;;;der Preis, der Lohn, der Wert;
Substantiv;prex;;;;precis;F;;;das Gebet, die Bitte;
Substantiv;princeps;;;;principis;M;;;der Anführer, der erste Bürger;
Substantiv;principium;;;;principi(i);N;;;der Anfang;
Substantiv;prior;;;;prioris;M;;;der Prior, der Vorsteher;
Substantiv;privatio;;;;privationis;F;;;der Mangel, die Beraubung, die Privation;
Substantiv;probabilitas;;;;probabilitatis;F;;;die Wahrscheinlichkeit, die Glaubwürdigkeit;
Substantiv;probatio;;;;probationis;F;;;die Prüfung, der Beweis, die Bewährung;
Substantiv;probitas;;;;probitatis;F;;;die Redlichkeit, die Tüchtigkeit;
Substantiv;procella;;;;procellae;F;;;der Sturm, das Unwetter;
Substantiv;proelium;;;;proeli(i);N;;;der Kampf, die Schlacht;
Substantiv;progenies;;;;progeniei;F;;;die Nachkommenschaft, der Stamm;
Substantiv;proles;;;;prolis;F;;;der Nachwuchs, die Nachkommenschaft;
Substantiv;propheta;;;;prophetae;M;;;der Prophet, der Seher;
Substantiv;propositio;;;;propositionis;F;;;der Satz, die Behauptung, der Vorschlag;
Substantiv;proprietas;;;;proprietatis;F;;;das Eigentum, die Eigentümlichkeit;
Substantiv;proverbium;;;;proverbi(i);N;;;das Sprichwort, der geflügelte Spruch;
Substantiv;providentia;;;;providentiae;F;;;die Vorsehung, die Vorsicht;
Substantiv;provincia;;;;provinciae;F;;;die Provinz, das Amt, das Amtsgebiet;
Substantiv;prudentia;;;;prudentiae;F;;;die Klugheit, die Einsicht, die Vorsicht;
Substantiv;psalmus;;;;psalmi;M;;;der Psalm, das Psalmenlied;
Substantiv;pudicitia;;;;pudicitiae;F;;;die Keuschheit, die Schamhaftigkeit;
Substantiv;pudor;;;;pudoris;M;;;die Scham, die Ehrfurcht;
Substantiv;puella;;;;puellae;F;;;das Mädchen, die Jungfrau;
Substantiv;puer;;;;pueri;M;;;der Knabe, der Junge, der Diener;
Substantiv;pueritia;;;;pueritiae;F;;;die Knabenzeit, die Jugend;
Substantiv;pugna;;;;pugnae;F;;;der Kampf, die Schlacht;
Substantiv;pulmo;;;;pulmonis;M;;;die Lunge;
Substantiv;pulsus;;;;pulsus;M;;;der Schlag, der Stoß, der Puls;
Substantiv;pulvis;;;;pulveris;M;;;der Staub, das Pulver, der Sand;
Substantiv;punctum;;;;puncti;N;;;der Punkt, der Stich;
Substantiv;quaestio;;;;quaestionis;F;;;die Frage, die Untersuchung, die Folter;
Substantiv;quidditas;;;;quidditatis;F;;;das Wassein, die Quiddität;philosophisch
Substantiv;quies;;;;quietis;F;;;die Ruhe, die Rast, der Schlaf;
Substantiv;radix;;;;radicis;F;;;die Wurzel, der Fuß, die Grundlage;
Substantiv;ramus;;;;rami;M;;;der Zweig, der Ast;
Substantiv;rana;;;;ranae;F;;;der Frosch;
Substantiv;ratio;;;;rationis;F;;;die Rechnung, der Plan, die Vernunft;
Substantiv;ratis;;;;ratis;F;;;das Floß;
Substantiv;rea;;;;reae;F;;;die Angeklagte, die Beklagte;
Substantiv;redemptio;;;;redemptionis;F;;;die Erlösung, der Loskauf;
Substantiv;redemptor;;;;redemptoris;M;;;der Erlöser, der Rückkäufer;
Substantiv;regina;;;;reginae;F;;;die Königin;
Substantiv;regio;;;;regionis;F;;;die Gegend, das Gebiet, die Richtung;
Substantiv;regnum;;;;regni;N;;;die königliche Macht, das Königreich;
Substantiv;regula;;;;regulae;F;;;die Regel, das Lineal, die Ordensregel;
Substantiv;relatio;;;;relationis;F;;;der Bericht;
Substantiv;relicum;;;;relici;N;;;der Rest, das Übrige;
Substantiv;relicuum;;;;relicui;N;;;der Rest, das Übrige;
Substantiv;religio;;;;religionis;F;;;die Religion, die Gottesverehrung;
Substantiv;reliquia;;;;reliquiae;F;;;die Überreste;
Substantiv;reliquum;;;;reliqui;N;;;der Rest, das Übrige;
Substantiv;remedium;;;;remedi(i);N;;;das Heilmittel, das Gegenmittel;
Substantiv;ren;;;;renis;M;;;die Niere;meist Plural
Substantiv;requies;;;;requietis;F;;;die Ruhe, die Erholung, die Rast;
Substantiv;res;;;;rei;F;;;die Sache, das Ding, die Angelegenheit;
Substantiv;responsio;;;;responsionis;F;;;die Antwort, die Erwiderung;
Substantiv;resurrectio;;;;resurrectionis;F;;;die Auferstehung, die Wiederauferstehung;
Substantiv;reus;;;;rei;M;;;der Angeklagte;
Substantiv;revelatio;;;;revelationis;F;;;die Offenbarung, die Enthüllung;
Substantiv;rex;;;;regis;M;;;der König;
Substantiv;rhetorica;;;;rhetoricae;F;;;die Rhetorik, die Redekunst;
Substantiv;ripa;;;;ripae;F;;;das Ufer;
Substantiv;risus;;;;risus;M;;;das Lachen, das Gelächter;
Substantiv;ritus;;;;ritus;M;;;der Ritus, der Brauch, die Zeremonie;
Substantiv;rivus;;;;rivi;M;;;das Bächlein, der Fluss, das Rinnsal;
Substantiv;robur;;;;roboris;N;;;die Eiche, die Kraft;
Substantiv;robus;;;;roboris;N;;;die Eiche, die Kraft;
Substantiv;rogatio;;;;rogationis;F;;;der Gesetzesantrag, die Bitte, die Frage;
Substantiv;rogus;;;;rogi;M;;;der Scheiterhaufen;
Substantiv;ros;;;;roris;M;;;der Tau, der Niederschlag;
Substantiv;rota;;;;rotae;F;;;das Rad, das Radwerk;
Substantiv;rubor;;;;ruboris;M;;;die Röte, die Scham;
Substantiv;rumor;;;;rumoris;M;;;das Gerücht, das Gerede, die Kunde;
Substantiv;rus;;;;ruris;N;;;das Land, das Feld;
Substantiv;sacerdos;;;;sacerdotis;C;;;der Priester;
Substantiv;sacramentum;;;;sacramenti;N;;;das Sakrament, der Eid, das Gelöbnis;
Substantiv;sacrificium;;;;sacrifici(i);N;;;das Opfer, das Opferfest;
Substantiv;saeculum;;;;saeculi;N;;;das Zeitalter, die Generation;
Substantiv;sagitta;;;;sagittae;F;;;der Pfeil;
Substantiv;sal;;;;salis;M;;;das Salz, der Witz;
Substantiv;saltus;;;;saltus;M;;;der Engpass, die Waldschlucht;
Substantiv;salus;;;;salutis;F;;;die Gesundheit, das Heil, die Rettung;
Substantiv;salvator;;;;salvatoris;M;;;der Retter, der Erlöser;
Substantiv;sanctitas;;;;sanctitatis;F;;;die Heiligkeit, die Unverletzlichkeit;
Substantiv;sanctus;;;;sancti;M;;;der Heilige, die Heilige;
Substantiv;sanguis;;;;sanguinis;M;;;das Blut;
Substantiv;sanitas;;;;sanitatis;F;;;die Gesundheit, die Vernunft;
Substantiv;sapientia;;;;sapientiae;F;;;die Weisheit, die Klugheit;
Substantiv;saxum;;;;saxi;N;;;der Fels, der Stein;
Substantiv;scelus;;;;sceleris;N;;;das Verbrechen;
Substantiv;schisma;;;;schismatis;N;;;das Schisma, die Kirchenspaltung;
Substantiv;schola;;;;scholae;F;;;die Schule;
Substantiv;scientia;;;;scientiae;F;;;das Wissen, die Kenntnis, die Wissenschaft;
Substantiv;scola;;;;scolae;F;;;die Schule;
Substantiv;scriptor;;;;scriptoris;M;;;der Schreiber, der Verfasser, der Schriftsteller;
Substantiv;scriptura;;;;scripturae;F;;;die Schrift, die Heilige Schrift, die Niederschrift;
Substantiv;secretum;;;;secreti;N;;;das Geheimnis, das Verborgene;
Substantiv;sedes;;;;sedis;F;;;der Sitz, der Wohnsitz;
Substantiv;seges;;;;segetis;F;;;das Saatfeld, die Saat, die Ernte;
Substantiv;sella;;;;sellae;F;;;der Stuhl, der Sitz, der Sessel;
Substantiv;semen;;;;seminis;N;;;der Same;
Substantiv;senator;;;;senatoris;M;;;der Senator, der Ratsherr;
Substantiv;senatus;;;;senatus;M;;;der Senat;
Substantiv;senectus;;;;senectutis;F;;;das Alter, das hohe Alter;
Substantiv;senium;;;;seni(i);N;;;das Alter, der Verfall, die Schwäche;
Substantiv;sensus;;;;sensus;M;;;das Gefühl, der Sinn;
Substantiv;sententia;;;;sententiae;F;;;die Meinung, der Sinn, der Gedanke;
Substantiv;sepulcrum;;;;sepulcri;N;;;das Grab;
Substantiv;series;;;;seriei;F;;;die Reihe, die Folge, die Verbindung;
Substantiv;sermo;;;;sermonis;M;;;das Gespräch, die Rede, die Predigt;
Substantiv;serpens;;;;serpentis;C;;;die Schlange;
Substantiv;servus;;;;servi;M;;;der Sklave, der Diener;
Substantiv;severitas;;;;severitatis;F;;;die Strenge, der Ernst;
Substantiv;sexus;;;;sexus;M;;;das Geschlecht;
Substantiv;sidus;;;;sideris;N;;;der Stern, das Gestirn;
Substantiv;sigillum;;;;sigilli;N;;;das Siegel, das Bildchen;
Substantiv;signum;;;;signi;N;;;das Zeichen, das Standbild, das Siegel;
Substantiv;silentium;;;;silenti(i);N;;;die Stille;
Substantiv;silva;;;;silvae;F;;;der Wald;
Substantiv;simplicitas;;;;simplicitatis;F;;;die Einfachheit, die Schlichtheit;
Substantiv;simulacrum;;;;simulacri;N;;;das Abbild, das Standbild, die Gestalt;
Substantiv;sinus;;;;sini;M;;;der Busen, die Bucht;
Substantiv;sitis;;;;sitis;F;;;der Durst;
Substantiv;societas;;;;societatis;F;;;die Gesellschaft, das Bündnis;
Substantiv;socius;;;;soci(i);M;;;der Bundesgenosse, der Gefährte;
Substantiv;sodalis;;;;sodalis;C;;;der Genosse, der Kamerad, der Zechbruder;
Substantiv;sol;;;;solis;M;;;die Sonne;
Substantiv;sollicitudo;;;;sollicitudinis;F;;;die Besorgnis, die Sorge, die Unruhe;
Substantiv;solutio;;;;solutionis;F;;;die Lösung, die Auflösung, die Aufhebung;
Substantiv;somnium;;;;somni(i);N;;;der Traum;
Substantiv;somnus;;;;somni;M;;;der Schlaf;
Substantiv;soror;;;;sororis;F;;;die Schwester;
Substantiv;sors;;;;sortis;F;;;das Los, das Schicksal;
Substantiv;spacium;;;;spacii;N;;;der Raum, der Zwischenraum;
Substantiv;spatium;;;;spati(i);N;;;der Raum, der Zwischenraum;
Substantiv;species;;;;speciei;F;;;der Anblick, die Art, die Schönheit;
Substantiv;speculum;;;;speculi;N;;;der Spiegel, das Ebenbild;
Substantiv;spes;;;;spei;F;;;die Hoffnung;
Substantiv;spiritus;;;;spiritus;M;;;der Atem, der Geist;
Substantiv;sponsa;;;;sponsae;F;;;die Braut, die Verlobte;
Substantiv;sponsus;;;;sponsi;M;;;der Bräutigam, der Verlobte;
Substantiv;stadium;;;;stadi(i);N;;;die Rennbahn, das Stadion, die Wegstrecke;
Substantiv;stagnum;;;;stagni;N;;;der See, das stehende Gewässer, der Teich;
Substantiv;statua;;;;statuae;F;;;die Statue, das Standbild;
Substantiv;stella;;;;stellae;F;;;der Stern;
Substantiv;stilus;;;;stili;M;;;der Griffel, der Stil, die Schreibart;
Substantiv;stipendium;;;;stipendi(i);N;;;der Sold, die Steuer, die Abgabe;
Substantiv;stipulatio;;;;stipulationis;F;;;das formelle Versprechen, die Stipulation;
Substantiv;stirps;;;;stirpis;F;;;der Stamm, die Wurzel, der Nachwuchs;
Substantiv;stomachus;;;;stomachi;M;;;der Magen, die Gurgel, der Verdruss;
Substantiv;studium;;;;studi(i);N;;;der Eifer, das Streben, die Beschäftigung;
Substantiv;stultitia;;;;stultitiae;F;;;die Torheit, die Dummheit;
Substantiv;suavitas;;;;suavitatis;F;;;die Süßigkeit, die Annehmlichkeit;
Substantiv;suavium;;;;suavi(i);N;;;der Kuss, der Liebling;
Substantiv;subiectum;;;;subiecti;N;;;das Subjekt, der Gegenstand, das Unterworfene;logisch
Substantiv;suboles;;;;subolis;F;;;der Nachwuchs, die Brut;
Substantiv;subsidium;;;;subsidi(i);N;;;die Unterstützung, die Reserve, der Beistand;
Substantiv;substantia;;;;substantiae;F;;;die Substanz, das Wesen, das Vermögen;philosophisch
Substantiv;subtilitas;;;;subtilitatis;F;;;die Feinheit, die Genauigkeit;
Substantiv;sucus;;;;suci;M;;;der Saft;
Substantiv;sudor;;;;sudoris;M;;;der Schweiß, die Anstrengung;
Substantiv;suffragium;;;;suffragi(i);N;;;die Stimme, die Wahlstimme, die Fürsprache;
Substantiv;summa;;;;summae;F;;;die Summe, das Ganze, die Summa;
Substantiv;superbia;;;;superbiae;F;;;der Hochmut, der Stolz, die Überheblichkeit;
Substantiv;superficies;;;;superficiei;F;;;die Oberfläche, die äußere Seite;
Substantiv;supplicium;;;;supplici(i);N;;;die Strafe, die Hinrichtung, das Flehen;
Substantiv;suptilitas;;;;suptilitatis;F;;;die Feinheit, die Genauigkeit;
Substantiv;sus;;;;suis;C;;;das Schwein, die Sau;
Substantiv;suspicio;;;;suspicionis;F;;;der Verdacht, die Vermutung;
Substantiv;syllaba;;;;syllabae;F;;;die Silbe;
Substantiv;syllogismus;;;;syllogismi;M;;;der Syllogismus, der logische Schluss;
Substantiv;synagoga;;;;synagogae;F;;;die Synagoge, die Gemeinde;
Substantiv;synodus;;;;synodi;F;;;die Synode, die Kirchenversammlung;
Substantiv;taberna;;;;tabernae;F;;;der Laden, die Schenke, die Hütte;
Substantiv;tabula;;;;tabulae;F;;;die Schreibtafel, die Urkunde;
Substantiv;talentum;;;;talenti;N;;;das Talent, das Gewicht;
Substantiv;taurus;;;;tauri;M;;;der Stier;
Substantiv;tectum;;;;tecti;N;;;das Dach, das Haus, die Wohnung;
Substantiv;tellus;;;;telluris;F;;;die Erde;
Substantiv;telum;;;;teli;N;;;der Speer, das Geschoss;
Substantiv;temperantia;;;;temperantiae;F;;;die Mäßigung, die Enthaltsamkeit;
Substantiv;tempestas;;;;tempestatis;F;;;das Wetter, das Unwetter, die Zeit;
Substantiv;templum;;;;templi;N;;;der Tempel;
Substantiv;tempus;;;;temporis;N;;;die Zeit, die Gelegenheit;
Substantiv;tenebra;;;;tenebrae;F;;;die Finsternis, das Dunkel;
Substantiv;tergum;;;;tergi;N;;;der Rücken;
Substantiv;terminus;;;;termini;M;;;die Grenze, der Grenzstein, der Begriff;
Substantiv;terra;;;;terrae;F;;;die Erde, das Land;
Substantiv;terror;;;;terroris;M;;;der Schrecken;
Substantiv;testamentum;;;;testamenti;N;;;das Testament, der Bund;
Substantiv;testimonium;;;;testimoni(i);N;;;das Zeugnis, die Bescheinigung;
Substantiv;testis;;;;testis;C;;;der Zeuge, die Zeugin;
Substantiv;thalamus;;;;thalami;M;;;das Schlafzimmer, die Ehe;
Substantiv;theatrum;;;;theatri;N;;;das Theater, die Schaustätte;
Substantiv;theologia;;;;theologiae;F;;;die Theologie, die Gottesgelehrtheit;
Substantiv;timor;;;;timoris;M;;;die Furcht;
Substantiv;titulus;;;;tituli;M;;;der Titel, die Aufschrift;
Substantiv;toga;;;;togae;F;;;die Toga, das Ehrengewand;
Substantiv;tractatus;;;;tractatus;M;;;die Abhandlung, der Traktat, die Verhandlung;
Substantiv;traditio;;;;traditionis;F;;;die Überlieferung, die Übergabe, die Lehre;
Substantiv;tragoedia;;;;tragoediae;F;;;die Tragödie, das Trauerspiel;
Substantiv;tranquillitas;;;;tranquillitatis;F;;;die Ruhe, die Stille, die Windstille;
Substantiv;tribunal;;;;tribunalis;N;;;das Gericht, die Richterbank, das Tribunal;
Substantiv;tributum;;;;tributi;N;;;der Tribut, die Steuer, die Abgabe;
Substantiv;trinitas;;;;trinitatis;F;;;die Dreifaltigkeit, die Dreiheit;
Substantiv;triumphus;;;;triumphi;M;;;der Triumph, der Sieg;
Substantiv;tumultus;;;;tumultus;M;;;der Aufruhr, die Unruhe;
Substantiv;tumulus;;;;tumuli;M;;;der Hügel, das Grabmal;
Substantiv;tunica;;;;tunicae;F;;;die Tunika, das Untergewand;
Substantiv;turba;;;;turbae;F;;;die Unruhe, der Lärm, die Menge;
Substantiv;turbo;;;;turbinis;M;;;der Wirbel, der Wirbelwind;
Substantiv;turris;;;;turris;F;;;der Turm;
Substantiv;tutela;;;;tutelae;F;;;die Vormundschaft, der Schutz, die Obhut;
Substantiv;umbra;;;;umbrae;F;;;der Schatten, die Schattierung;
Substantiv;umerus;;;;umeri;M;;;die Schulter, der Oberarm;
Substantiv;unda;;;;undae;F;;;die Welle, die Woge;
Substantiv;unguis;;;;unguis;M;;;der Nagel, die Klaue;
Substantiv;unitas;;;;unitatis;F;;;die Einheit, die Einigkeit;
Substantiv;universale;;;;universalis;N;;;das Allgemeine, das Universale;philosophisch
Substantiv;universitas;;;;universitatis;F;;;die Gesamtheit, die Universität, der Verband;
Substantiv;universum;;;;universi;N;;;das Weltall, das Ganze;
Substantiv;urbs;;;;urbis;F;;;die Stadt, Rom;
Substantiv;ursus;;;;ursi;M;;;der Bär;
Substantiv;usus;;;;usus;M;;;der Nutzen, der Gebrauch, die Erfahrung;
Substantiv;uxor;;;;uxoris;F;;;die Ehefrau, die Gattin;
Substantiv;vacca;;;;vaccae;F;;;die Kuh;
Substantiv;vacuum;;;;vacui;N;;;das Leere, das Vakuum, der leere Raum;
Substantiv;valetudo;;;;valetudinis;F;;;die Gesundheit, die Befindlichkeit, die Kränklichkeit;
Substantiv;vas;;;;vasis;N;;;das Gefäß;
Substantiv;vasum;;;;vasi;N;;;das Gefäß;
Substantiv;vasus;;;;vasi;M;;;das Gefäß;
Substantiv;vates;;;;vatis;C;;;der Seher, der Dichter, der Sänger;
Substantiv;vectigal;;;;vectigalis;N;;;die Steuer, die Abgabe, die Einnahme;
Substantiv;vehiculum;;;;vehiculi;N;;;das Fahrzeug, der Wagen;
Substantiv;vena;;;;venae;F;;;die Vene, die Ader, die Wasserader;
Substantiv;venenum;;;;veneni;N;;;das Gift, der Zaubertrank;
Substantiv;venter;;;;ventris;M;;;der Bauch, der Magen;
Substantiv;ventus;;;;venti;M;;;der Wind;
Substantiv;venustas;;;;venustatis;F;;;die Anmut, die Lieblichkeit, der Reiz;
Substantiv;ver;;;;veris;N;;;der Frühling, das Frühjahr;
Substantiv;verbum;;;;verbi;N;;;das Wort;
Substantiv;veritas;;;;veritatis;F;;;die Wahrheit;
Substantiv;vermis;;;;vermis;M;;;der Wurm, die Made;
Substantiv;versus;;;;versus;M;;;der Vers, die Zeile, die Reihe;
Substantiv;vesica;;;;vesicae;F;;;die Blase, die Harnblase;
Substantiv;vesper;;;;vesperis;M;;;der Abend, der Abendstern;
Substantiv;vespera;;;;vesperae;F;;;der Abend;
Substantiv;vestimentum;;;;vestimenti;N;;;das Kleidungsstück, das Gewand;
Substantiv;vestis;;;;vestis;F;;;das Gewand, die Kleidung;
Substantiv;via;;;;viae;F;;;der Weg, die Straße;
Substantiv;viator;;;;viatoris;M;;;der Wanderer, der Reisende, der Botenläufer;
Substantiv;vicarius;;;;vicari(i);M;;;der Stellvertreter, der Vikar;
Substantiv;vicinus;;;;vicini;M;;;der Nachbar, die Nachbarin;
Substantiv;vicis;;;;vicis;F;;;der Wechsel, der Tausch;
Substantiv;victima;;;;victimae;F;;;das Opfertier, das Opfer;
Substantiv;victor;;;;victoris;M;;;der Sieger;
Substantiv;victoria;;;;victoriae;F;;;der Sieg;
Substantiv;vicus;;;;vici;M;;;das Dorf, das Stadtviertel, der Landgutbezirk;
Substantiv;vidua;;;;viduae;F;;;die Witwe;
Substantiv;vigilia;;;;vigiliae;F;;;das Wachen, die Nachtwache, die Vigilie;
Substantiv;villa;;;;villae;F;;;das Landhaus, der Gutshof, die Villa;
Substantiv;vinclum;;;;vincli;N;;;die Kette, die Fessel;
Substantiv;vinculum;;;;vinculi;N;;;die Kette, die Fessel;
Substantiv;vinum;;;;vini;N;;;der Wein;
Substantiv;vipera;;;;viperae;F;;;die Viper, die Otter;
Substantiv;vir;;;;viri;M;;;der Mann, der Ehemann, der Held;
Substantiv;virgo;;;;virginis;F;;;die Jungfrau;
Substantiv;virtus;;;;virtutis;F;;;die Tugend, die Tapferkeit;
Substantiv;virus;;;;viri;N;;;das Gift;
Substantiv;vis;;;;vis;F;;;die Kraft, die Gewalt;
Substantiv;vis;;;;viris;F;;;die Kräfte, die Streitkräfte;
Substantiv;vita;;;;vitae;F;;;das Leben;
Substantiv;vitium;;;;viti(i);N;;;der Fehler, das Laster;
Substantiv;vitulus;;;;vituli;M;;;das Kalb, das Stierkalb;
Substantiv;volnus;;;;volneris;N;;;die Wunde;
Substantiv;volucris;;;;volucris;F;;;der Vogel, das Geflügel;
Substantiv;volumen;;;;voluminis;N;;;die Rolle, das Buch, der Band;
Substantiv;voluntas;;;;voluntatis;F;;;der Wille, der Wunsch;
Substantiv;voluptas;;;;voluptatis;F;;;die Lust, das Vergnügen;
Substantiv;votum;;;;voti;N;;;das Gelübde, das Gebet;
Substantiv;vox;;;;vocis;F;;;die Stimme;
Substantiv;vulgus;;;;vulgi;N;;;das gemeine Volk, die Menge, der Pöbel;
Substantiv;vulnus;;;;vulneris;N;;;die Wunde;
Substantiv;vulpes;;;;vulpis;F;;;der Fuchs;
Substantiv;vultus;;;;vultus;M;;;das Gesicht, die Miene;
Verb;abdere;abdo;abdidi;abditus;;;;;verbergen, beiseite schaffen;
Verb;abducere;abduco;abduxi;abductus;;;;;wegführen, entführen;
Verb;abire;abeo;abivi;abitus;;;;;weggehen, sterben;
Verb;abhorrere;abhorreo;abhorrui;;;;;;sich entsetzen, zurückschrecken;
Verb;abicere;abicio;abjeci;abjectus;;;;;wegwerfen, aufgeben;
Verb;abigere;abigo;abegi;abactus;;;;;wegtreiben, entfernen;
Verb;abjicere;abjicio;abjeci;abjectus;;;;;wegwerfen, aufgeben;
Verb;abnuere;abnueo;;;;;;;ablehnen, verweigern;
Verb;abnuere;abnuo;abnui;abnuitus;;;;;ablehnen, verweigern;
Verb;abrumpere;abrumpo;abrupi;abruptus;;;;;abbrechen, zerreißen;
Verb;abscedere;abscedo;abscessi;abscessus;;;;;sich zurückziehen, weggehen;
Verb;absolvere;absolvo;absolvi;absolutus;;;;;freisprechen, befreien;
Verb;abstinere;abstineo;abstinui;abstentus;;;;;sich enthalten, fernhalten;
Verb;abstrahere;abstraho;abstraxi;abstractus;;;;;wegreißen, entführen;
Verb;abesse;absum;afui;;;;;;abwesend sein, fehlen;
Verb;absumere;absumo;absumpsi;absumptus;;;;;verbrauchen, verschwenden;
Verb;abundare;abundo;abundavi;abundatus;;;;;im Überfluss vorhanden sein;
Verb;abuti;abutor;;abusus;;;;;missbrauchen, verschwenden;
Verb;accedere;accedo;accessi;accessus;;;;;herankommen, sich nähern, hinzukommen;
Verb;accendere;accendo;accendi;accensus;;;;;entzünden, anregen;
Verb;accersere;accerso;accersivi;accersitus;;;;;herbeirufen, holen;
Verb;accidere;accido;accidi;;;;;;hinfallen, geschehen, widerfahren;
Verb;accingere;accingo;accinxi;accinctus;;;;;umgürten, ausrüsten;
Verb;accipere;accipio;accepi;acceptus;;;;;nehmen, empfangen, annehmen;
Verb;accusare;accuso;accusavi;accusatus;;;;;anklagen, beschuldigen, tadeln;
Verb;acquirere;acquiro;acquisivi;acquisitus;;;;;erwerben, hinzuerwerben;
Verb;acuere;acuo;acui;acutus;;;;;schärfen, anspornen;
Verb;adcedere;adcedo;adcessi;adcessus;;;;;sich nähern, hinzukommen;
Verb;addicere;addico;addixi;addictus;;;;;urteilen, zusprechen;
Verb;addere;addo;addidi;additus;;;;;hinzufügen, vermehren;
Verb;adducere;adduco;adduxi;adductus;;;;;hinführen, verleiten;
Verb;adire;adeo;adivi;aditus;;;;;herangehen, angreifen, unternehmen;
Verb;afferre;adfero;adtuli;adlatus;;;;;herbeitragen, berichten;
Verb;adficere;adficio;adfeci;adfectus;;;;;beeinflussen, betreffen;
Verb;adfigere;adfigo;adfixi;adfixus;;;;;anheften, befestigen;
Verb;adflictare;adflicto;adflictavi;adflictatus;;;;;erschüttern, heimsuchen;
Verb;adfligere;adfligo;adflixi;adflictus;;;;;niederwerfen, schädigen;
Verb;adflare;adflo;adflavi;adflatus;;;;;anwehen, einflößen;
Verb;adgnoscere;adgnosco;adgnovi;adgnitus;;;;;erkennen, anerkennen;
Verb;adgredi;adgredior;;adgressus;;;;;angreifen, sich unternehmen;
Verb;adhaerere;adhaereo;adhaesi;adhaesus;;;;;anhängen, festhalten;
Verb;adherere;adhereo;adhesi;adhesus;;;;;anhängen, festhalten;
Verb;adhibere;adhibeo;adhibui;adhibitus;;;;;heranziehen, anwenden, hinzufügen;
Verb;adicere;adicio;adjeci;adjectus;;;;;hinzufügen, werfen auf;
Verb;adigere;adigo;adegi;adactus;;;;;hintreiben, zwingen;
Verb;adimere;adimo;ademi;ademptus;;;;;wegnehmen, entziehen;
Verb;adipisci;adipiscor;;adeptus;;;;;erlangen, erreichen;
Verb;adiungere;adiungo;adiunxi;adiunctus;;;;;hinzufügen, verbinden;
Verb;adjicere;adjicio;adjeci;adjectus;;;;;hinzufügen, werfen auf;
Verb;adjicere;adjicio;;;;;;;hinzufügen, werfen auf;
Verb;adjungere;adjungo;adjunxi;adjunctus;;;;;hinzufügen, verbinden;
Verb;adjuvere;adjuvo;adjuvi;adjutus;;;;;helfen, unterstützen;
Verb;adligare;adligo;adligavi;adligatus;;;;;anbinden, hindern;
Verb;admirari;admiror;;admiratus;;;;;bewundern, sich wundern;
Verb;admittere;admitto;admisi;admissus;;;;;zulassen, hinlassen;
Verb;admonere;admoneo;admonui;admonitus;;;;;ermahnen, erinnern, warnen;
Verb;admovere;admoveo;admovi;admotus;;;;;heranbringen, sich nähern;
Verb;adparere;adpareo;adparui;adparitus;;;;;erscheinen, sichtbar sein;
Verb;adpellare;adpello;adpellavi;adpellatus;;;;;anrufen, anrufen vor Gericht;
Verb;adpetere;adpeto;adpetivi;adpetitus;;;;;erstreben, angreifen;
Verb;adplicare;adplico;adplicavi;adplicatus;;;;;anlegen, anwenden;
Verb;adplicere;adplico;adplicui;adplicitus;;;;;anlegen, anwenden;
Verb;adponere;adpono;adposui;adpositus;;;;;hinstellen, hinzufügen;
Verb;adprehendere;adprehendo;adprehendi;adprehensus;;;;;ergreifen, festhalten;
Verb;adprendere;adprendo;adprendi;adprensus;;;;;ergreifen, festhalten;
Verb;adprobare;adprobo;adprobavi;adprobatus;;;;;billigen, bestätigen;
Verb;adripere;adripio;adripui;adreptus;;;;;ergreifen, an sich reißen;
Verb;adscendere;adscendo;adscendi;adscensus;;;;;hinaufsteigen, besteigen;
Verb;adsciscere;adscisco;adscivi;adscitus;;;;;annehmen, aufnehmen;
Verb;adscribere;adscribo;adscripsi;adscriptus;;;;;hinzuschreiben, eintragen;
Verb;adsequi;adsequor;;adsecutus;;;;;erreichen, einholen;
Verb;adsignare;adsigno;adsignavi;adsignatus;;;;;zuweisen, zuteilen;
Verb;adsimilare;adsimilo;adsimilavi;adsimilatus;;;;;ähnlich machen, vergleichen;
Verb;adsimulare;adsimulo;adsimulavi;adsimulatus;;;;;ähnlich machen, vergleichen;
Verb;adspargere;adspargo;adsparsi;adsparsus;;;;;besprengen, bespritzen;
Verb;adspergere;adspergo;adspersi;adspersus;;;;;besprengen, bespritzen;
Verb;adspicere;adspicio;adspexi;adspectus;;;;;anschauen, betrachten;
Verb;adspirare;adspiro;adspiravi;adspiratus;;;;;anhauchen, einflößen;
Verb;adstringere;adstringo;adstrinxi;adstrictus;;;;;festbinden, anspannen;
Verb;adesse;adsum;adfui;;;;;;dabei sein, helfen;
Verb;adsumere;adsumo;adsumpsi;adsumptus;;;;;annehmen, aufnehmen;
Verb;adsurgere;adsurgo;adsurrexi;adsurrectus;;;;;sich erheben;
Verb;adtendere;adtendo;adtendi;adtentus;;;;;sich zuwenden, aufmerken;
Verb;adtigere;adtigo;adtigi;adtactus;;;;;berühren, erreichen;
Verb;adtinere;adtineo;adtinui;adtentus;;;;;festhalten, zurückhalten;
Verb;adtingere;adtingo;adtigi;adtactus;;;;;berühren, erreichen;
Verb;adtollere;adtollo;;;;;;;erheben, aufrichten;
Verb;adtribuere;adtribuo;adtribui;adtributus;;;;;zuteilen, zuschreiben;
Verb;advenere;advenio;adveni;adventus;;;;;ankommen, herankommen;
Verb;advenire;advenio;adveni;adventus;;;;;ankommen, herankommen;
Verb;advertere;adverto;adverti;adversus;;;;;sich zuwenden, hinlenken;
Verb;advocare;advoco;advocavi;advocatus;;;;;herbeirufen, zu Hilfe rufen;
Verb;aedificare;aedifico;aedificavi;aedificatus;;;;;bauen, errichten, erbauen;
Verb;aequivalere;aequivaleo;aequivalui;;;;;;gleichwertig sein, entsprechen;
Verb;aequere;aequo;aequavi;aequatus;;;;;gleichmachen, ausgleichen;
Verb;aestimare;aestimo;aestimavi;aestimatus;;;;;schätzen, beurteilen;
Verb;aestumare;aestumo;aestumavi;aestumatus;;;;;schätzen, beurteilen;
Verb;afferare;affero;attuli;allatus;;;;;herbeibringen, berichten;
Verb;afficere;afficio;affeci;affectus;;;;;beeinflussen, betreffen;
Verb;affigere;affigo;affixi;affixus;;;;;anheften, befestigen;
Verb;afflictare;afflicto;afflictavi;afflictatus;;;;;erschüttern, heimsuchen;
Verb;affligere;affligo;afflixi;afflictus;;;;;niederwerfen, schädigen;
Verb;afflare;afflo;afflavi;afflatus;;;;;anwehen, einflößen;
Verb;aggredi;aggredior;;aggressus;;;;;angreifen, unternehmen;
Verb;agitare;agito;agitavi;agitatus;;;;;bewegen, antreiben, erwägen;
Verb;agnoscere;agnosco;agnovi;agnitus;;;;;erkennen, anerkennen;
Verb;agere;ago;egi;actus;;;;;treiben, handeln, tun;
Verb;aiere;ai;;;;;;;sagen, behaupten;
Verb;alienare;alieno;alienavi;alienatus;;;;;entfremden, veräußern;
Verb;alligare;alligo;alligavi;alligatus;;;;;anbinden, hindern;
Verb;alere;alo;alui;alitus;;;;;nähren, aufziehen;
Verb;alere;alo;alui;altus;;;;;nähren, aufziehen;
Verb;ambire;ambio;ambivi;ambitus;;;;;umgehen, werben;
Verb;ambulare;ambulo;ambulavi;;;;;;gehen, spazieren gehen, lustwandeln;
Verb;amittere;amitto;amisi;amissus;;;;;verlieren, wegschicken;
Verb;ammittere;ammitto;ammisi;ammissus;;;;;zulassen, hinlassen;
Verb;ammonere;ammoneo;ammonui;ammonitus;;;;;ermahnen, erinnern, warnen;
Verb;ammovere;ammoveo;ammovi;ammotus;;;;;heranbringen, sich nähern;
Verb;amare;amo;amavi;amatus;;;;;lieben;
Verb;amovere;amoveo;amovi;amotus;;;;;wegbewegen, entfernen;
Verb;amplecti;amplector;;amplexus;;;;;umarmen, umfassen;
Verb;amplocti;amploctor;;amploxus;;;;;umarmen, umfassen;
Verb;angere;ango;anxi;anctus;;;;;würgen, quälen, ängstigen;
Verb;animadvertere;animadverto;animadverti;animadversus;;;;;bemerken, beachten, strafen;
Verb;antecedere;antecedo;antecessi;antecessus;;;;;vorangehen, übertreffen;
Verb;anteere;anteeo;anteivi;anteitus;;;;;vorangehen;
Verb;antere;anteo;antivi;antitus;;;;;vorangehen;
Verb;aperere;aperio;aperui;apertus;;;;;öffnen, enthüllen;
Verb;apparere;appareo;apparui;apparitus;;;;;erscheinen, sichtbar sein;
Verb;appellare;appello;appellavi;appellatus;;;;;anrufen, nennen;
Verb;appetere;appeto;appetivi;appetitus;;;;;erstreben, angreifen;
Verb;applicare;applico;applicavi;applicatus;;;;;anlegen, anwenden;
Verb;applicere;applico;applicui;applicitus;;;;;anlegen, anwenden;
Verb;apponere;appono;apposui;appositus;;;;;hinstellen, hinzufügen;
Verb;apprehendere;apprehendo;apprehendi;apprehensus;;;;;ergreifen, festhalten;
Verb;apprendere;apprendo;apprendi;apprensus;;;;;ergreifen, festhalten;
Verb;approbare;approbo;approbavi;approbatus;;;;;billigen, bestätigen;
Verb;apscedere;apscedo;apscessi;apscessus;;;;;sich zurückziehen, weggehen;
Verb;apsolvere;apsolvo;apsolvi;apsolutus;;;;;freisprechen, befreien;
Verb;apstinere;apstineo;apstinui;apstentus;;;;;sich enthalten, fernhalten;
Verb;apstrahere;apstraho;apstraxi;apstractus;;;;;wegreißen, entführen;
Verb;abesse;apsum;afui;;;;;;abwesend sein, fehlen;
Verb;apsumere;apsumo;apsumpsi;apsumptus;;;;;verbrauchen, verschwenden;
Verb;aptare;apto;aptavi;aptatus;;;;;anpassen, befestigen;
Verb;arbitrari;arbitror;;arbitratus;;;;;meinen, urteilen, dafür halten;
Verb;arcere;arceo;arcui;;;;;;fernhalten, verhindern;
Verb;arcessere;arcesso;arcessivi;arcessitus;;;;;herbeirufen, holen;
Verb;ardere;ardeo;arsi;arsus;;;;;brennen, glühen;
Verb;arguere;arguo;argui;argutus;;;;;beweisen, behaupten, anklagen;
Verb;armare;armo;armavi;armatus;;;;;bewaffnen, ausrüsten;
Verb;arripere;arripio;arripui;arreptus;;;;;ergreifen, an sich reißen;
Verb;artare;arto;artavi;artatus;;;;;einengen, zusammenpressen;
Verb;ascendere;ascendo;ascendi;ascensus;;;;;hinaufsteigen, besteigen;
Verb;asciscere;ascisco;ascivi;ascitus;;;;;annehmen, aufnehmen;
Verb;ascribere;ascribo;ascripsi;ascriptus;;;;;hinzuschreiben, eintragen;
Verb;aspargere;aspargo;asparsi;asparsus;;;;;besprengen, bespritzen;
Verb;aspergere;aspergo;aspersi;aspersus;;;;;besprengen, bespritzen;
Verb;aspernari;aspernor;;aspernatus;;;;;verachten, zurückweisen;
Verb;aspicere;aspicio;aspexi;aspectus;;;;;anschauen, betrachten;
Verb;aspirare;aspiro;aspiravi;aspiratus;;;;;anhauchen, einflößen;
Verb;assentiri;assentior;;assensus;;;;;zustimmen, beipflichten;
Verb;assequi;assequor;;assecutus;;;;;erreichen, einholen;
Verb;assignare;assigno;assignavi;assignatus;;;;;zuweisen, zuteilen;
Verb;assimilare;assimilo;assimilavi;assimilatus;;;;;ähnlich machen, vergleichen;
Verb;assimulare;assimulo;assimulavi;assimulatus;;;;;ähnlich machen, vergleichen;
Verb;assistere;assisto;astiti;;;;;;beistehen, dabeistehen;
Verb;adesse;assum;affui;;;;;;dabei sein, helfen;
Verb;assurgere;assurgo;assurrexi;assurrectus;;;;;sich erheben;
Verb;astringere;astringo;astrinxi;astrictus;;;;;festbinden, anspannen;
Verb;attendere;attendo;attendi;attentus;;;;;sich zuwenden, aufmerken;
Verb;attigere;attigo;attigi;attactus;;;;;berühren, erreichen;
Verb;attinere;attineo;attinui;attentus;;;;;festhalten, zurückhalten;
Verb;attingere;attingo;attigi;attactus;;;;;berühren, erreichen;
Verb;attollere;attollo;;;;;;;erheben, aufrichten;
Verb;attribuere;attribuo;attribui;attributus;;;;;zuteilen, zuschreiben;
Verb;audere;audeo;;ausus;;;;;wagen, sich erkühnen;
Verb;audire;audio;audivi;auditus;;;;;hören, zuhören, gehorchen;
Verb;audere;audo;;;;;;;wagen, sich erkühnen;
Verb;auferre;aufero;abstuli;ablatus;;;;;wegtragen, wegnehmen;
Verb;auferre;aufero;apstuli;ablatus;;;;;wegtragen, wegnehmen;
Verb;augere;augeo;auxi;auctus;;;;;vermehren, vergrößern;
Verb;audere;ausum;;;;;;;wagen, sich erkühnen;
Verb;avertere;averto;averti;aversus;;;;;abwenden, ablenken, in die Flucht schlagen;
Verb;benedicere;benedico;benedixi;benedictus;;;;;segnen, preisen;
Verb;beare;beo;beavi;beatus;;;;;glücklich machen, beglücken, segnen;
Verb;bibere;bibo;bibi;bibitus;;;;;trinken;
Verb;cadere;cado;cecidi;casus;;;;;fallen, sinken, sterben;
Verb;caedere;caedo;cecidi;caesus;;;;;schlagen, fällen, töten;
Verb;calcare;calco;calcavi;calcatus;;;;;treten, zertreten;
Verb;calere;caleo;calui;;;;;;warm sein, glühen;
Verb;candere;candeo;candui;;;;;;glänzen, glühen, weiß sein;
Verb;canere;cano;cecini;cantus;;;;;singen, besingen;
Verb;cantare;canto;cantavi;cantatus;;;;;singen, spielen;
Verb;capescere;capesco;capescivi;capescitus;;;;;ergreifen, übernehmen;
Verb;capessere;capesso;capessivi;capessitus;;;;;ergreifen, eifrig anpacken;
Verb;capere;capio;capsi;;;;;;ergreifen, nehmen, gefangen nehmen;
Verb;capere;capio;cepi;captus;;;;;ergreifen, nehmen, gefangen nehmen;
Verb;capissere;capisso;capissivi;capissitus;;;;;ergreifen, eifrig anpacken;
Verb;capsere;capso;;;;;;;ergreifen, nehmen;
Verb;captare;capto;captavi;captatus;;;;;erstreben, zu erhaschen suchen;
Verb;carere;careo;carui;caritus;;;;;entbehren, fehlen;
Verb;carei;careor;;caritus;;;;;entbehren, fehlen;
Verb;carpere;carpo;carpsi;carptus;;;;;pflücken, zerreißen;
Verb;castigare;castigo;castigavi;castigatus;;;;;züchtigen, tadeln, bestrafen;
Verb;cavere;caveo;cavi;cautus;;;;;sich hüten, vermeiden;
Verb;cedere;cedo;cessi;cessus;;;;;weichen, sich zurückziehen;
Verb;celebrare;celebro;celebravi;celebratus;;;;;feiern, besuchen, rühmen;
Verb;celare;celo;celavi;celatus;;;;;verbergen, geheimhalten;
Verb;censere;censeo;censui;census;;;;;meinen, glauben, beschließen;
Verb;cernere;cerno;crevi;cretus;;;;;unterscheiden, entscheiden, erkennen;
Verb;certare;certo;certavi;certatus;;;;;wetteifern, kämpfen;
Verb;cessare;cesso;cessavi;cessatus;;;;;aufhören, nachlassen, säumig sein;
Verb;ciere;cieo;civi;citus;;;;;in Bewegung setzen, aufregen;
Verb;cingere;cingo;cinxi;cinctus;;;;;umgeben, umgürten;
Verb;cire;cio;civi;citus;;;;;in Bewegung setzen, aufregen;
Verb;circuagere;circuago;circuegi;circuactus;;;;;herumführen, umwenden;
Verb;circuere;circueo;circuivi;circuitus;;;;;umgeben, umringen;
Verb;circumagere;circumago;circumegi;circumactus;;;;;umgeben, umwenden;
Verb;circumdare;circumdo;circumdedi;circumdatus;;;;;umgeben, umstellen;
Verb;circumere;circumeo;circumivi;circumitus;;;;;umgeben, umringen;
Verb;circumferare;circumfero;circumtuli;circumlatus;;;;;herumtragen, verbreiten;
Verb;circumfundere;circumfundo;circumfundi;circumfusus;;;;;umgießen, umgeben;
Verb;circumscribere;circumscribo;circumscripsi;circumscriptus;;;;;abkürzen, betrügen;
Verb;circumspicere;circumspicio;circumspexi;circumspectus;;;;;sich umsehen, betrachten;
Verb;citare;cito;citavi;citatus;;;;;antreiben, herbeirufen;
Verb;clamare;clamo;clamavi;clamatus;;;;;rufen, ausrufen, verkünden;
Verb;claudere;claudo;clausi;clausus;;;;;schließen, einschließen;
Verb;cludere;cludo;clusi;clusus;;;;;schließen, einschließen;
Verb;cocere;coco;coxi;coctus;;;;;kochen, braten;
Verb;coere;coeo;coivi;coitus;;;;;zusammenkommen, sich vereinigen;
Verb;coire;coeo;coivi;coitus;;;;;zusammenkommen, sich vereinigen;
Verb;coepere;coepio;coepi;coeptus;;;;;anfangen, beginnen;
Verb;coercere;coerceo;coercui;coercitus;;;;;einschließen, zurückhalten, strafen;
Verb;cogitare;cogito;cogitavi;cogitatus;;;;;denken, erwägen;
Verb;cognoscere;cognosco;cognovi;cognitus;;;;;erkennen, erfahren;
Verb;cogere;cogo;coegi;coactus;;;;;sammeln, zwingen;
Verb;cohaerere;cohaereo;cohaesi;cohaesus;;;;;zusammenhängen, verbunden sein;
Verb;cohercere;coherceo;cohercui;cohercitus;;;;;einschließen, zurückhalten, strafen;
Verb;coherere;cohereo;cohesi;cohesus;;;;;zusammenhängen, verbunden sein;
Verb;cohibere;cohibeo;cohibui;cohibitus;;;;;zusammenhalten, enthalten;
Verb;cohortari;cohortor;;cohortatus;;;;;ermahnen, ermutigen, anspornen;
Verb;coicere;coicio;cojeci;cojectus;;;;;zusammenwerfen, folgern;
Verb;colligere;colligo;collegi;collectus;;;;;sammeln, versammeln;
Verb;collocare;colloco;collocavi;collocatus;;;;;aufstellen, anordnen;
Verb;colloqui;colloquor;;collocutus;;;;;sich unterhalten, reden mit;
Verb;colere;colo;colui;cultus;;;;;wohnen, bebauen, pflegen;
Verb;comitari;comitor;;comitatus;;;;;begleiten, folgen;
Verb;commendare;commendo;commendavi;commendatus;;;;;anvertrauen, empfehlen;
Verb;comminari;comminor;;comminatus;;;;;drohen, androhen;
Verb;committere;committo;commisi;commissus;;;;;zusammenbringen, verbinden, beginnen;
Verb;commovere;commoveo;commovi;commotus;;;;;erschüttern, aufregen, bewegen;
Verb;communicare;communico;communicavi;communicatus;;;;;mitteilen, teilnehmen;
Verb;commutare;commuto;commutavi;commutatus;;;;;verändern, austauschen;
Verb;comparare;comparo;comparavi;comparatus;;;;;vorbereiten, beschaffen;
Verb;compellere;compello;compuli;compulsus;;;;;zusammentreiben, zwingen;
Verb;comperere;comperio;comperi;compertus;;;;;erfahren, herausfinden;
Verb;compescere;compesco;compescui;;;;;;bezähmen, zurückhalten;
Verb;competere;competo;competivi;;;;;;wetteifern, zuständig sein, zustehen;
Verb;complecti;complector;;complexus;;;;;umarmen, umfassen;
Verb;complere;compleo;complevi;completus;;;;;anfüllen, ausfüllen;
Verb;componere;compono;composui;compositus;;;;;vergleichen, zusammenstellen;
Verb;comprehendere;comprehendo;comprehendi;comprehensus;;;;;ergreifen, festnehmen, begreifen;
Verb;comprendere;comprendo;comprendi;comprensus;;;;;ergreifen, festnehmen, begreifen;
Verb;comprimere;comprimo;compressi;compressus;;;;;zusammendrücken, zusammenpressen;
Verb;computare;computo;computavi;computatus;;;;;berechnen, zusammenrechnen;
Verb;concedere;concedo;concessi;concessus;;;;;abtreten, nachgeben, weggehen;
Verb;concidere;concido;concidi;;;;;;zusammenfallen, sterben;
Verb;concilere;concilio;conciliavi;conciliatus;;;;;vereinigen, bewirken, gewinnen;
Verb;concipere;concipio;concepi;conceptus;;;;;empfangen, fassen, sich vorstellen;
Verb;concitare;concito;concitavi;concitatus;;;;;erregen, antreiben;
Verb;concludere;concludo;conclusi;conclusus;;;;;einschließen, beenden;
Verb;concurrere;concurro;concucurri;concursus;;;;;zusammenlaufen, übereinstimmen;
Verb;concurrere;concurro;concurri;concursus;;;;;zusammenlaufen, übereinstimmen;
Verb;condemnare;condemno;condemnavi;condemnatus;;;;;verurteilen, verdammen;
Verb;condere;condo;condidi;conditus;;;;;gründen, verbergen, aufbewahren;
Verb;conducere;conduco;conduxi;conductus;;;;;zusammenführen, mieten;
Verb;conferre;confero;contuli;collatus;;;;;zusammentragen, vergleichen;
Verb;conferre;confero;contuli;conlatus;;;;;zusammentragen, vergleichen;
Verb;conficere;conficio;confeci;confectus;;;;;herstellen, vollenden;
Verb;confirmare;confirmo;confirmavi;confirmatus;;;;;bestärken, befestigen, bekräftigen;
Verb;confiteri;confiteor;;confessus;;;;;gestehen, bekennen;
Verb;confundere;confundo;confudi;confusus;;;;;vermischen, verwirren;
Verb;congerere;congero;congessi;congestus;;;;;zusammenhäufen, anhäufen;
Verb;congredi;congredior;;congressus;;;;;zusammentreffen, kämpfen;
Verb;congregare;congrego;congregavi;congregatus;;;;;versammeln, zusammenbringen;
Verb;conicere;conicio;conjeci;conjectus;;;;;zusammenwerfen, folgern;
Verb;coniungere;coniungo;coniunxi;coniunctus;;;;;verbinden, vereinen;
Verb;conjungere;conjungo;conjunxi;conjunctus;;;;;verbinden, vereinigen;
Verb;conligere;conligo;conlegi;conlectus;;;;;sammeln, versammeln;
Verb;conlocare;conloco;conlocavi;conlocatus;;;;;aufstellen, anordnen;
Verb;conmittere;conmitto;conmisi;conmissus;;;;;zusammenbringen, verbinden, beginnen;
Verb;conmovere;conmoveo;conmovi;conmotus;;;;;erschüttern, aufregen, bewegen;
Verb;conmunicare;conmunico;conmunicavi;conmunicatus;;;;;mitteilen, teilnehmen;
Verb;conari;conor;;conatus;;;;;versuchen, unternehmen;
Verb;conparare;conparo;conparavi;conparatus;;;;;vorbereiten, beschaffen;
Verb;conpellere;conpello;conpuli;conpulsus;;;;;zusammentreiben, zwingen;
Verb;conperere;conperio;conperi;conpertus;;;;;erfahren, herausfinden;
Verb;conpescere;conpesco;conpescui;;;;;;bezähmen, zurückhalten;
Verb;conplectere;conplecto;conplecti;conplexus;;;;;umarmen, umfassen;
Verb;conplecti;conplector;;conplexus;;;;;umarmen, umfassen;
Verb;conplere;conpleo;conplevi;conpletus;;;;;anfüllen, ausfüllen;
Verb;conponere;conpono;conposui;conpositus;;;;;vergleichen, zusammenstellen;
Verb;conprehendere;conprehendo;conprehendi;conprehensus;;;;;ergreifen, festnehmen, begreifen;
Verb;conprendere;conprendo;conprendi;conprensus;;;;;ergreifen, festnehmen, begreifen;
Verb;conprimere;conprimo;conpressi;conpressus;;;;;zusammendrücken, zusammenpressen;
Verb;conqueri;conqueror;;conquestus;;;;;klagen, beklagen;
Verb;conripere;conripio;conripui;conreptus;;;;;ergreifen, wegraffen;
Verb;conrumpere;conrumpo;conrupi;conruptus;;;;;verderben, verfälschen;
Verb;consecrare;consecro;consecravi;consecratus;;;;;weihen, heiligen;
Verb;consentere;consentio;consensi;consensus;;;;;übereinstimmen, einig sein;
Verb;consequi;consequor;;consecutus;;;;;folgen, erreichen, einholen;
Verb;considerare;considero;consideravi;consideratus;;;;;betrachten, erwägen, prüfen;
Verb;considere;consido;consedi;consessus;;;;;sich niedersetzen, tagen;
Verb;consistere;consisto;constiti;constitus;;;;;stehen bleiben, aufhören;
Verb;consolari;consolor;;consolatus;;;;;trösten, beruhigen;
Verb;conspicere;conspicio;conspexi;conspectus;;;;;erblicken, gewahren;
Verb;constituere;constituo;constitui;constitutus;;;;;aufstellen, festsetzen, beschließen;
Verb;constare;consto;constiti;constatus;;;;;übereinstimmen, feststehen;
Verb;consulere;consulo;consului;consultus;;;;;befragen, beraten, Rat einholen;
Verb;consumere;consumo;consumpsi;consumptus;;;;;verzehren, vernichten;
Verb;consurgere;consurgo;consurrexi;consurrectus;;;;;sich erheben;
Verb;contegere;contego;contexi;contextus;;;;;bedecken, verhüllen, schützen;
Verb;contemnere;contemno;contempsi;contemptus;;;;;verachten, gering schätzen;
Verb;contemplari;contemplor;;contemplatus;;;;;betrachten, beschauen;
Verb;contendere;contendo;contendi;contentus;;;;;sich anstrengen, streiten, kämpfen;
Verb;continere;contineo;continui;contentus;;;;;zusammenhalten, erhalten;
Verb;contingere;contingo;contigi;contactus;;;;;berühren, erreichen, betreffen;
Verb;contrahere;contraho;contraxi;contractus;;;;;eingehen, sich zusammenziehen;
Verb;contremere;contremo;contremui;;;;;;erzittern, beben;
Verb;convenere;convenio;conveni;conventus;;;;;zusammenkommen, sich versammeln, passen;
Verb;convenire;convenio;conveni;conventus;;;;;zusammenkommen, sich treffen, übereinstimmen;
Verb;convertere;converto;converti;conversus;;;;;umkehren, verwandeln;
Verb;convincere;convinco;convici;convictus;;;;;überführen, widerlegen;
Verb;coquere;coquo;coxi;coctus;;;;;kochen, braten;
Verb;corrigere;corrigo;correxi;correctus;;;;;verbessern, berichtigen, zurechtweisen;
Verb;corripere;corripio;corripui;correptus;;;;;ergreifen, wegraffen;
Verb;corrumpere;corrumpo;corrupi;corruptus;;;;;verderben, verfälschen;
Verb;credere;credo;credidi;creditus;;;;;glauben, vertrauen;
Verb;creare;creo;creavi;creatus;;;;;erschaffen, hervorbringen, wählen;
Verb;crescere;cresco;crevi;cretus;;;;;wachsen, entstehen;
Verb;cruciare;crucio;cruciavi;cruciatus;;;;;quälen, martern, kreuzigen;
Verb;culpare;culpo;culpavi;culpatus;;;;;tadeln, beschuldigen;
Verb;cumulare;cumulo;cumulavi;cumulatus;;;;;anhäufen, aufhäufen;
Verb;cupere;cupio;cupivi;cupitus;;;;;begehren, verlangen, wünschen;
Verb;curare;curo;curavi;curatus;;;;;sorgen für, pflegen, heilen;
Verb;currere;curro;cucurri;cursus;;;;;laufen, eilen;
Verb;custodire;custodio;custodivi;custoditus;;;;;bewachen, beschützen;
Verb;damnare;damno;damnavi;damnatus;;;;;verurteilen, verdammen;
Verb;debere;debeo;debui;debitus;;;;;schulden, sollen, müssen;
Verb;decedere;decedo;decessi;decessus;;;;;weggehen, sterben, abtreten;
Verb;decernere;decerno;decrevi;decretus;;;;;entscheiden, beschließen, bestimmen;
Verb;decere;decet;decuit;;;;;;sich ziemen, schicklich sein;unpersönlich
Verb;decipere;decipio;decepi;deceptus;;;;;täuschen, betrügen;
Verb;declarare;declaro;declaravi;declaratus;;;;;erklären, kundtun, offenbaren;
Verb;declinare;declino;declinavi;declinatus;;;;;abweichen, ablenken;
Verb;decurrere;decurro;decucurri;decursus;;;;;herablaufen, hinabfließen;
Verb;decurrere;decurro;decurri;decursus;;;;;herablaufen, hinabfließen;
Verb;dedicare;dedico;dedicavi;dedicatus;;;;;weihen, widmen;
Verb;deducere;deduco;deduxi;deductus;;;;;wegführen, herabführen;
Verb;defendere;defendo;defendi;defensus;;;;;verteidigen, schützen;
Verb;deferre;defero;detuli;delatus;;;;;hintragen, übertragen, anzeigen;
Verb;deficere;deficio;defeci;defectus;;;;;fehlen, ausgehen, abfallen;
Verb;definire;definio;definivi;definitus;;;;;abgrenzen, bestimmen, definieren;
Verb;defluere;defluo;defluxi;defluxus;;;;;herabfließen, herabfallen;
Verb;dehibere;dehibeo;dehibui;dehibitus;;;;;schulden, sollen, müssen;
Verb;deicere;deicio;dejeci;dejectus;;;;;hinabwerfen, stürzen;
Verb;dejicere;dejicio;dejeci;dejectus;;;;;hinabwerfen, stürzen;
Verb;delabi;delabor;;delapsus;;;;;herabgleiten, herabfallen;
Verb;delectare;delecto;delectavi;delectatus;;;;;erfreuen, ergötzen;
Verb;delere;deleo;delevi;deletus;;;;;vernichten, zerstören, auslöschen;
Verb;deliberare;delibero;deliberavi;deliberatus;;;;;erwägen, beraten, überlegen;
Verb;deligere;deligo;delegi;delectus;;;;;auswählen, erwählen;
Verb;demittere;demitto;demisi;demissus;;;;;hinablassen, sinken lassen;
Verb;demonstrare;demonstro;demonstravi;demonstratus;;;;;zeigen, beweisen, darlegen;
Verb;denuntere;denuntio;denuntiavi;denuntiatus;;;;;ankündigen, drohen;
Verb;depellere;depello;depuli;depulsus;;;;;vertreiben, verjagen;
Verb;deponere;depono;deposui;depostus;;;;;niederlegen, ablegen, aufgeben;
Verb;deprecari;deprecor;;deprecatus;;;;;durch Gebet abwenden, bitten;
Verb;deprehendere;deprehendo;deprehendi;deprehensus;;;;;ergreifen, überraschen;
Verb;deprendere;deprendo;deprendi;deprensus;;;;;ergreifen, überraschen;
Verb;deprimere;deprimo;depressi;depressus;;;;;niederdrücken, unterdrücken;
Verb;derigere;derigo;derexi;derectus;;;;;lenken, richten, ausrichten;
Verb;descendere;descendo;descendi;descensus;;;;;herabsteigen, hinabgehen;
Verb;describere;describo;descripsi;descriptus;;;;;beschreiben, abschreiben;
Verb;deserere;desero;deserui;desertus;;;;;verlassen, im Stich lassen;
Verb;desiderare;desidero;desideravi;desideratus;;;;;vermissen, wünschen, verlangen;
Verb;desinere;desino;desii;desitus;;;;;aufhören, enden;
Verb;desistere;desisto;destiti;;;;;;ablassen, aufhören;
Verb;desperare;despero;desperavi;desperatus;;;;;verzweifeln, die Hoffnung aufgeben;
Verb;despicere;despicio;despexi;despectus;;;;;herabsehen, verachten;
Verb;destinare;destino;destinavi;destinatus;;;;;bestimmen, festsetzen, beschließen;
Verb;destituere;destituo;destitui;destitutus;;;;;verlassen, im Stich lassen;
Verb;detegere;detego;detexi;detectus;;;;;aufdecken, enthüllen;
Verb;detestari;detestor;;detestatus;;;;;verabscheuen, verwünschen;
Verb;detinere;detineo;detinui;detentus;;;;;zurückhalten, festhalten;
Verb;detrahere;detraho;detraxi;detractus;;;;;wegziehen, entfernen;
Verb;devovere;devoveo;devovi;devotus;;;;;weihen, hingeben, geloben;
Verb;dicere;dico;dixi;dictus;;;;;sagen, sprechen, nennen;
Verb;differre;differo;distuli;dilatus;;;;;aufschieben, verschieden sein;
Verb;diffiteri;diffiteor;;diffessus;;;;;leugnen, in Abrede stellen;
Verb;dignare;digno;dignavi;dignatus;;;;;für würdig halten;
Verb;diligere;diligo;dilexi;dilectus;;;;;lieben, schätzen, hochachten;
Verb;dimittere;dimitto;dimisi;dimissus;;;;;wegschicken, entlassen;
Verb;dirigere;dirigo;direxi;directus;;;;;richten, in eine Linie bringen;
Verb;discedere;discedo;discessi;discessus;;;;;weggehen, sich trennen;
Verb;discernere;discerno;discrevi;discretus;;;;;unterscheiden, trennen, erkennen;
Verb;discere;disco;didici;discitus;;;;;lernen;
Verb;disputare;disputo;disputavi;disputatus;;;;;erörtern, verhandeln, disputieren;
Verb;dissentire;dissentio;dissensi;dissensus;;;;;abweichen, anderer Meinung sein;
Verb;disserere;dissero;disserui;dissertus;;;;;erörtern, abhandeln;
Verb;dissimulare;dissimulo;dissimulavi;dissimulatus;;;;;verbergen, verhehlen, verstellen;
Verb;dissolvere;dissolvo;dissolvi;dissolutus;;;;;auflösen, trennen, aufheben;
Verb;dissuadere;dissuadeo;dissuasi;dissuasus;;;;;abraten;
Verb;distare;disto;;;;;;;auseinanderliegen, entfernt sein, sich unterscheiden;
Verb;distribuere;distribuo;distribui;distributus;;;;;verteilen, einteilen, zuteilen;
Verb;dividere;divido;divisi;divisus;;;;;teilen, trennen;
Verb;dare;do;dedi;datus;;;;;geben, schenken;
Verb;docere;doceo;docui;doctus;;;;;lehren, zeigen;
Verb;dolere;doleo;dolui;;;;;;schmerzen, trauern, leid tun;
Verb;dominari;dominor;;dominatus;;;;;herrschen, gebieten;
Verb;donare;dono;donavi;donatus;;;;;schenken, gewähren;
Verb;dormire;dormio;dormivi;dormitus;;;;;schlafen, ruhen;
Verb;dubitare;dubito;dubitavi;dubitatus;;;;;zweifeln, zögern, im Zweifel sein;
Verb;ducere;duco;duxi;ductus;;;;;führen, halten für;
Verb;ecfugire;ecfugio;ecfugi;ecfugitus;;;;;fliehen, entkommen;
Verb;ecfundere;ecfundo;ecfudi;ecfusus;;;;;ausgießen, ausschütten;
Verb;edere;edo;edidi;editus;;;;;hervorbringen, äußern;
Verb;edere;edo;edi;esus;;;;;essen, verzehren;
Verb;educere;educo;eduxi;eductus;;;;;herausführen, hinaufführen, erziehen;
Verb;efficere;efficio;effeci;effectus;;;;;bewirken, ausführen;
Verb;effugire;effugio;effugi;effugitus;;;;;fliehen, entkommen;
Verb;effundere;effundo;effudi;effusus;;;;;ausgießen, ausschütten;
Verb;egere;egeo;egui;;;;;;bedürfen, entbehren, Not leiden;
Verb;egredi;egredior;;egressus;;;;;hinausgehen, aussteigen;
Verb;eicere;eicio;eieci;eiectus;;;;;hinauswerfen, vertreiben, ausstoßen;
Verb;elevare;elevo;elevavi;elevatus;;;;;erheben, emporheben, erleichtern;
Verb;eligere;eligo;elegi;electus;;;;;auswählen;
Verb;eloqui;eloquor;;elocutus;;;;;aussprechen, vortragen;
Verb;eludere;eludo;elusi;elusus;;;;;ausweichen, täuschen, zum Narren halten;
Verb;eminere;emineo;eminui;;;;;;hervorragen, sich auszeichnen;
Verb;emittere;emitto;emisi;emissus;;;;;aussenden, schleudern, freilassen;
Verb;emere;emo;emi;emptus;;;;;kaufen, erwerben;
Verb;enumerare;enumero;enumeravi;enumeratus;;;;;aufzählen, verzeichnen;
Verb;ire;eo;ivi;itus;;;;;gehen;
Verb;erigere;erigo;erexi;erectus;;;;;aufrichten, errichten, ermutigen;
Verb;eripere;eripio;eripui;ereptus;;;;;entreißen, retten;
Verb;errare;erro;erravi;erratus;;;;;irren, umherirren, sich irren;
Verb;erudire;erudio;erudivi;eruditus;;;;;unterrichten, unterweisen, bilden;
Verb;erumpere;erumpo;erupi;eruptus;;;;;hervorbrechen;
Verb;evadere;evado;evasi;evasus;;;;;entkommen, entrinnen, ausgehen;
Verb;evenere;evenio;eveni;eventus;;;;;herauskommen, geschehen;
Verb;evenire;evenio;eveni;eventus;;;;;sich ereignen, geschehen, ausgehen;
Verb;evertere;everto;everti;eversus;;;;;umstürzen, umwerfen, zerstören;
Verb;evincere;evinco;evici;evictus;;;;;überwinden, bezwingen, beweisen;
Verb;evolvere;evolvo;evolvi;evolutus;;;;;entrollen, abrollen, entwickeln;
Verb;excipere;excipio;excepi;exceptus;;;;;herausnehmen, aufnehmen;
Verb;excitare;excito;excitavi;excitatus;;;;;erwecken, aufstören, anregen;
Verb;excludere;excludo;exclusi;exclusus;;;;;ausschließen, aussondern;
Verb;excusare;excuso;excusavi;excusatus;;;;;entschuldigen, rechtfertigen;
Verb;excussare;excusso;excussavi;excussatus;;;;;entschuldigen, rechtfertigen;
Verb;exemplificare;exemplifico;exemplificavi;exemplificatus;;;;;durch Beispiele erläutern;
Verb;exire;exeo;exivi;exitus;;;;;hinausgehen, ablaufen;
Verb;exercere;exerceo;exercui;exercitus;;;;;üben, trainieren;
Verb;exfugire;exfugio;exfugi;exfugitus;;;;;fliehen, entkommen;
Verb;exhibere;exhibeo;exhibui;exhibitus;;;;;vorzeigen, darreichen, darbieten;
Verb;exhortari;exhortor;;exhortatus;;;;;ermahnen, ermutigen, anfeuern;
Verb;exigere;exigo;exegi;exactus;;;;;hinaustreiben, fordern, eintreiben;
Verb;eximere;eximo;exemi;exemptus;;;;;herausnehmen, befreien, ausnehmen;
Verb;expandere;expando;expandi;expansus;;;;;ausbreiten, ausdehnen;
Verb;expandere;expando;expandi;expassus;;;;;ausbreiten, ausdehnen;
Verb;expedire;expedio;expedivi;expeditus;;;;;befreien, fördern, beschaffen;
Verb;expellere;expello;expuli;expulsus;;;;;vertreiben, hinaustreiben;
Verb;expergisci;expergiscor;;experrectus;;;;;aufwachen, erwachen;
Verb;experiri;experior;;expertus;;;;;versuchen, erproben, erfahren;
Verb;explicare;explico;explicavi;explicatus;;;;;entfalten, erklären, auseinandersetzen;
Verb;exsistere;exsisto;exstiti;;;;;;hervortreten, entstehen;
Verb;exspectare;exspecto;exspectavi;exspectatus;;;;;erwarten, warten auf;
Verb;exstinguere;exstinguo;exstinxi;exstinctus;;;;;auslöschen, tilgen, vernichten;
Verb;extendere;extendo;extendi;extensus;;;;;ausdehnen, verlängern;
Verb;extendere;extendo;extendi;extentus;;;;;ausdehnen, verlängern;
Verb;facere;facio;feci;factus;;;;;machen, tun;
Verb;fallere;fallo;fefelli;falsus;;;;;täuschen, betrügen;
Verb;fatei;fateor;;fassus;;;;;gestehen, bekennen;
Verb;fateri;fateor;;fassus;;;;;gestehen, bekennen, zugeben;
Verb;ferre;fero;tuli;latus;;;;;bringen, tragen, ertragen;
Verb;fervere;ferveo;ferbui;;;;;;heiß sein, glühen;
Verb;fervere;fervo;fervi;;;;;;heiß sein, glühen;
Verb;festinare;festino;festinavi;;;;;;eilen, sich beeilen;
Verb;fingere;fingo;finxi;fictus;;;;;bilden, formen, erdichten;
Verb;finire;finio;finivi;finitus;;;;;beenden, begrenzen, enden;
Verb;fieri;fio;;factus;;;;;geschehen, werden;
Verb;firmare;firmo;firmavi;firmatus;;;;;festigen, befestigen, bestätigen;
Verb;flectere;flecto;flexi;flexus;;;;;biegen, neigen, beugen;
Verb;flere;fleo;flevi;fletus;;;;;weinen;
Verb;florere;floreo;florui;;;;;;blühen, gedeihen;
Verb;fluere;fluo;fluxi;fluxus;;;;;fließen, strömen;
Verb;fodere;fodio;fodi;fossus;;;;;graben, stechen, durchbohren;
Verb;formidare;formido;formidavi;;;;;;fürchten, sich fürchten;
Verb;formare;formo;formavi;formatus;;;;;bilden, gestalten, formen;
Verb;frangere;frango;fregi;fractus;;;;;brechen, zerbrechen;
Verb;frui;fruor;;fructus;;;;;genießen, sich erfreuen;mit Ablativ
Verb;fugere;fugio;fugi;fugitus;;;;;fliehen, flüchten, meiden;
Verb;fugire;fugio;fugi;fugitus;;;;;fliehen, meiden;
Verb;fulgere;fulgeo;fulsi;;;;;;glänzen, blitzen, strahlen;
Verb;fundare;fundo;fundavi;fundatus;;;;;gründen, begründen, festigen;
Verb;fundare;fundo;fundavi;fundatus;;;;;gründen, begründen, festigen;
Verb;fundere;fundo;fudi;fusus;;;;;gießen, ausschütten;
Verb;fungi;fungor;;functus;;;;;verrichten, ausüben, versehen;mit Ablativ
Verb;gaudere;gaudeo;;gavisus;;;;;sich freuen;
Verb;generare;genero;generavi;generatus;;;;;erzeugen, zeugen, hervorbringen;
Verb;gerere;gero;gessi;gestus;;;;;tragen, führen, verwalten;
Verb;gignere;gigno;genui;genitus;;;;;gebären, hervorbringen;
Verb;glorificare;glorifico;glorificavi;glorificatus;;;;;verherrlichen, ehren;
Verb;gloriari;glorior;;gloriatus;;;;;sich rühmen, prahlen;
Verb;gnasci;gnascor;;gnatus;;;;;geboren werden, entstehen;
Verb;gnoscere;gnosco;gnovi;gnotus;;;;;kennenlernen, erfahren;
Verb;gradi;gradior;;gressus;;;;;schreiten, gehen;
Verb;gubernare;guberno;gubernavi;gubernatus;;;;;steuern, regieren, lenken;
Verb;habere;habeo;habui;habitus;;;;;haben, halten, meinen;
Verb;habitare;habito;habitavi;habitatus;;;;;wohnen, bewohnen;
Verb;haerere;haereo;haesi;haesus;;;;;hängen, kleben, haften;
Verb;horrere;horreo;horrui;;;;;;sich fürchten, zurückschrecken;
Verb;hortari;hortor;;hortatus;;;;;ermahnen, ermutigen, anspornen;
Verb;iactare;iacto;iactavi;iactatus;;;;;werfen, schleudern, prahlen;
Verb;ignorare;ignoro;ignoravi;ignoratus;;;;;nicht wissen, unkundig sein;
Verb;illudere;illudo;illusi;illusus;;;;;verspotten, täuschen, zum Narren halten;
Verb;imitari;imitor;;imitatus;;;;;nachahmen, nachbilden;
Verb;impedire;impedio;impedivi;impeditus;;;;;hindern, hemmen, verhindern;
Verb;impellere;impello;impuli;impulsus;;;;;antreiben, drängen;
Verb;imperare;impero;imperavi;imperatus;;;;;befehlen, herrschen;
Verb;impetrare;impetro;impetravi;impetratus;;;;;erbitten, erwirken, erlangen;
Verb;implere;impleo;implevi;impletus;;;;;erfüllen, ausfüllen, vollenden;
Verb;implicare;implico;implicavi;implicatus;;;;;verwickeln, verflechten;
Verb;implicere;implico;implicui;implicitus;;;;;verwickeln, verflechten;
Verb;imponere;impono;imposui;impositus;;;;;auflegen, einsetzen;
Verb;imputare;imputo;imputavi;imputatus;;;;;anrechnen, zuschreiben;
Verb;incendere;incendo;incendi;incensus;;;;;entzünden, anzünden;
Verb;inchoare;inchoo;inchoavi;inchoatus;;;;;anfangen, beginnen;
Verb;incidere;incido;incidi;;;;;;hineinfallen, sich ereignen, vorkommen;
Verb;incipere;incipio;incepi;inceptus;;;;;beginnen, unternehmen;
Verb;includere;includo;inclusi;inclusus;;;;;einschließen, einsperren;
Verb;incohare;incoho;incohavi;incohatus;;;;;anfangen, beginnen;
Verb;indicare;indico;indicavi;indicatus;;;;;anzeigen, verraten;
Verb;inducere;induco;induxi;inductus;;;;;hineinführen, einführen, verleiten;
Verb;indulgere;indulgeo;indulsi;indultus;;;;;nachsichtig sein, gewähren;
Verb;induere;induo;indui;indutus;;;;;anziehen, ankleiden;
Verb;inire;ineo;inivi;initus;;;;;hineingehen, beginnen, eingehen;
Verb;inferre;infero;intuli;illatus;;;;;hineintragen, hineinbringen;
Verb;inferre;infero;intuli;inlatus;;;;;hineintragen, hineinbringen;
Verb;ingredi;ingredior;;ingressus;;;;;hineingehen, beginnen, sich unterfangen;
Verb;inhibere;inhibeo;inhibui;inhibitus;;;;;aufhalten, hemmen, zurückhalten;
Verb;inicere;inicio;inieci;iniectus;;;;;hineinwerfen, einflößen;
Verb;inpellere;inpello;inpuli;inpulsus;;;;;antreiben, drängen;
Verb;inplicare;inplico;inplicavi;inplicatus;;;;;verwickeln, verflechten;
Verb;inplicere;inplico;inplicui;inplicitus;;;;;verwickeln, verflechten;
Verb;inquam;inqui;;;;;;;sagen;defektives Verb, nur in bestimmten Formen gebräuchlich
Verb;inquiro;inquiro;inquisivi;inquisitus;;;;;untersuchen, nachforschen, fragen;
Verb;inrumpere;inrumpo;inrupi;inruptus;;;;;einbrechen, hereinstürmen;
Verb;inscribere;inscribo;inscripsi;inscriptus;;;;;einschreiben, aufschreiben, widmen;
Verb;insequi;insequor;;insecutus;;;;;nachfolgen, verfolgen, angreifen;
Verb;insistere;insisto;institi;;;;;;stehen, einhalten, verweilen, beharren;
Verb;inspicere;inspicio;inspexi;inspectus;;;;;hineinsehen, prüfen, untersuchen;
Verb;instituere;instituo;institui;institutus;;;;;einrichten, aufstellen, beschließen;
Verb;instare;insto;institi;;;;;;drohen, nahe sein, drängen;
Verb;instere;insto;institi;;;;;;bedrängen, nahe bevorstehen;
Verb;instruere;instruo;instruxi;instructus;;;;;bauen, ausrüsten, unterweisen;
Verb;inesse;insum;infui;;;;;;darin sein, innewohnen, anhaften;
Verb;intellegere;intellego;intellexi;intellectus;;;;;verstehen, erkennen;
Verb;intendere;intendo;intendi;intentus;;;;;ausstrecken, anspannen;
Verb;interdicere;interdico;interdixi;interdictus;;;;;verbieten, untersagen;
Verb;interire;intereo;interivi;interitus;;;;;zugrunde gehen, umkommen;
Verb;interficere;interficio;interfeci;interfectus;;;;;töten, vernichten;
Verb;intermittere;intermitto;intermisi;intermissus;;;;;unterbrechen, aussetzen;
Verb;interpretari;interpretor;;interpretatus;;;;;auslegen, deuten, verstehen;
Verb;interrogare;interrogo;interrogavi;interrogatus;;;;;fragen, verhören;
Verb;interesse;intersum;interfui;;;;;;dabei sein, wichtig sein, betreffen;
Verb;intervenire;intervenio;interveni;interventus;;;;;dazwischenkommen, sich einmischen;
Verb;intuei;intueor;;intuitus;;;;;anschauen, betrachten;
Verb;invadere;invado;invasi;invasus;;;;;eindringen, angreifen, überfallen;
Verb;invenere;invenio;inveni;inventus;;;;;finden, entdecken;
Verb;invenire;invenio;inveni;inventus;;;;;finden, erfinden, antreffen;
Verb;invidere;invideo;invidi;invisus;;;;;beneiden, missgönnen;
Verb;invitare;invito;invitavi;invitatus;;;;;einladen, auffordern;
Verb;irridere;irrideo;irrisi;irrisus;;;;;verlachen, verspotten;
Verb;irrumpere;irrumpo;irrupi;irruptus;;;;;einbrechen, hereinstürmen;
Verb;iudicare;iudico;iudicavi;iudicatus;;;;;urteilen, richten, entscheiden;
Verb;iungere;iungo;iunxi;iunctus;;;;;verbinden, anschirren, vereinen;
Verb;iurare;iuro;iuravi;iuratus;;;;;schwören, einen Eid leisten;
Verb;iuvare;iuvo;iuvi;iutus;;;;;helfen, unterstützen, erfreuen;
Verb;jacere;jaceo;jacui;jacitus;;;;;liegen, daliegen;
Verb;jacere;jacio;jeci;jactus;;;;;werfen, schleudern;
Verb;jactare;jacto;jactavi;jactatus;;;;;werfen, prahlen;
Verb;jubere;jubeo;jussi;jussus;;;;;befehlen, anordnen;
Verb;jugare;jugo;jugavi;jugatus;;;;;verbinden, vereinigen;
Verb;jurare;juro;juravi;juratus;;;;;schwören;
Verb;juvere;juvo;juvi;jutus;;;;;helfen, unterstützen, erfreuen;
Verb;labare;labo;labavi;labatus;;;;;wanken, schwanken;
Verb;labi;labor;;lapsus;;;;;gleiten, sinken, fallen, irren;
Verb;laborare;laboro;laboravi;laboratus;;;;;arbeiten, sich abmühen;
Verb;lacrimare;lacrimo;lacrimavi;;;;;;weinen, Tränen vergießen;
Verb;latere;lateo;latui;;;;;;verborgen liegen, sich verbergen;
Verb;laudare;laudo;laudavi;laudatus;;;;;loben, empfehlen;
Verb;lavare;lavo;lavi;lotus;;;;;waschen, baden;
Verb;legere;lego;legi;lectus;;;;;lesen, sammeln;
Verb;levare;levo;levavi;levatus;;;;;erleichtern, aufheben, lindern;
Verb;liberare;libero;liberavi;liberatus;;;;;befreien;
Verb;licere;licet;licui;licitus;;;;;es ist erlaubt, man darf;
Verb;lingere;lingo;linxi;linctus;;;;;lecken;
Verb;linquere;linquo;liqui;lictus;;;;;verlassen, zurücklassen;
Verb;litigare;litigo;litigavi;litigatus;;;;;prozessieren, streiten, rechten;
Verb;locare;loco;locavi;locatus;;;;;stellen, setzen, aufstellen;
Verb;loqui;loquor;;locutus;;;;;sprechen, sagen;
Verb;lucere;luceo;luxi;;;;;;leuchten, glänzen, hell sein;
Verb;ludere;ludo;lusi;lusus;;;;;spielen, verspotten;
Verb;lugere;lugeo;luxi;luctus;;;;;betrauern, trauern, beklagen;
Verb;malle;malo;malui;;;;;;lieber wollen, vorziehen;
Verb;mandare;mando;mandavi;mandatus;;;;;anvertrauen, auftragen;
Verb;manere;maneo;mansi;mansus;;;;;bleiben, warten;
Verb;mederi;medeor;;;;;;;heilen, Abhilfe schaffen;mit Dativ
Verb;meditari;meditor;;meditatus;;;;;nachdenken, erwägen;
Verb;meminisse;memini;;;;;;;sich erinnern, eingedenk sein;Defektivum
Verb;memorare;memoro;memoravi;memoratus;;;;;erinnern, erwähnen;
Verb;mentiri;mentior;;mentitus;;;;;lügen, täuschen;
Verb;merere;mereo;merui;meritus;;;;;verdienen;
Verb;merei;mereor;;meritus;;;;;verdienen;
Verb;mergere;mergo;mersi;mersus;;;;;eintauchen, versenken, versinken;
Verb;metuere;metuo;metui;;;;;;fürchten;
Verb;migrare;migro;migravi;migratus;;;;;wandern, auswandern, übersiedeln;
Verb;minari;minor;;minatus;;;;;drohen, androhen;
Verb;minuere;minuo;minui;minutus;;;;;vermindern, verkleinern, schmälern;
Verb;mirari;miror;;miratus;;;;;sich wundern, bewundern, staunen;
Verb;miscere;misceo;miscui;mixtus;;;;;mischen, vermischen;
Verb;miserere;miseret;miseruit;;;;;;erbarmen, leid tun;unpersönlich
Verb;mittere;mitto;misi;missus;;;;;senden, schicken, werfen;
Verb;moliri;molior;;molitus;;;;;in Bewegung setzen, unternehmen, errichten;
Verb;monere;moneo;monui;monitus;;;;;erinnern, ermahnen, warnen;
Verb;monstrare;monstro;monstravi;monstratus;;;;;zeigen, weisen, dartun;
Verb;mori;morior;;mortuus;;;;;sterben, vergehen;
Verb;morari;moror;;moratus;;;;;verweilen, sich aufhalten;
Verb;movere;moveo;movi;motus;;;;;bewegen, aufregen, betreffen;
Verb;munire;munio;munivi;munitus;;;;;befestigen, sichern, schützen;
Verb;mutare;muto;mutavi;mutatus;;;;;wechseln, verändern, austauschen;
Verb;nancisci;nanciscor;;nactus;;;;;erlangen, erhalten, antreffen;
Verb;narrare;narro;narravi;narratus;;;;;erzählen, berichten;
Verb;nasci;nascor;;natus;;;;;geboren werden, entstehen;
Verb;navigare;navigo;navigavi;navigatus;;;;;segeln, schiffen, fahren;
Verb;neglegere;neglego;neglexi;neglectus;;;;;vernachlässigen, missachten;
Verb;negare;nego;negavi;negatus;;;;;verneinen, leugnen;
Verb;negere;nego;negassi;;;;;;verneinen, leugnen;
Verb;nescire;nescio;nescivi;nescitus;;;;;nicht wissen, unkundig sein;
Verb;niti;nitor;;nisus;;;;;sich stützen, sich bemühen, streben;
Verb;nocere;noceo;nocui;nocitus;;;;;schaden, verletzen;
Verb;nolle;nolo;nolui;;;;;;nicht wollen;
Verb;nominare;nomino;nominavi;nominatus;;;;;nennen, benennen;
Verb;noscere;nosco;novi;notus;;;;;kennenlernen, erfahren;
Verb;notare;noto;notavi;notatus;;;;;bezeichnen, bemerken, anmerken;
Verb;nubere;nubo;nupsi;nuptus;;;;;heiraten;von der Frau gesagt
Verb;numerare;numero;numeravi;numeratus;;;;;zählen, rechnen;
Verb;nuncere;nuncio;nunciavi;nunciatus;;;;;ankündigen, melden;
Verb;nuntere;nuntio;nuntiavi;nuntiatus;;;;;ankündigen, melden;
Verb;nuntiare;nuntio;nuntiavi;nuntiatus;;;;;melden, verkünden, berichten;
Verb;nutrire;nutrio;nutrivi;nutritus;;;;;ernähren, aufziehen;
Verb;obedire;obedio;obedivi;;;;;;gehorchen, Folge leisten;mit Dativ
Verb;obire;obeo;obivi;obitus;;;;;entgegengehen, sterben;
Verb;obfendere;obfendo;obfendi;obfensus;;;;;beleidigen, kränken;
Verb;obicere;obicio;objeci;objectus;;;;;entgegenwerfen, vorhalten;
Verb;oblivisci;obliviscor;;oblitus;;;;;vergessen;
Verb;obsidere;obsideo;obsedi;obsessus;;;;;belagern, besetzen, blockieren;
Verb;obstare;obsto;obstiti;;;;;;entgegenstehen, hinderlich sein;mit Dativ
Verb;obesse;obsum;obfui;;;;;;schaden, nachteilig sein;mit Dativ
Verb;obtestari;obtestor;;obtestatus;;;;;beschwören, anflehen, bezeugen;
Verb;obtinere;obtineo;obtinui;obtentus;;;;;erhalten, behaupten, innehaben;
Verb;occidere;occido;occidi;occisus;;;;;töten, morden;
Verb;occidere;occido;occidi;occasus;;;;;untergehen, zugrunde gehen;von Gestirnen
Verb;occultare;occulto;occultavi;occultatus;;;;;verbergen, verheimlichen;
Verb;occupare;occupo;occupavi;occupatus;;;;;besetzen, einnehmen, in Besitz nehmen;
Verb;odisse;odi;;;;;;;hassen, verabscheuen;Defektivum
Verb;offendere;offendo;offendi;offensus;;;;;beleidigen, kränken;
Verb;offerre;offero;obtuli;oblatus;;;;;anbieten, darbieten;
Verb;olere;oleo;olui;;;;;;riechen, duften, einen Geruch verbreiten;
Verb;omittere;omitto;omisi;omissus;;;;;unterlassen, weglassen, übergehen;
Verb;operere;operio;operui;opertus;;;;;bedecken, begraben;
Verb;operari;operor;;operatus;;;;;arbeiten, wirken, tätig sein;
Verb;opinari;opinor;;opinatus;;;;;meinen, glauben, vermuten;
Verb;oportere;oportet;oportui;;;;;;es ist recht, es gehört sich;
Verb;opperiri;opperior;;oppertus;;;;;abwarten, erwarten;
Verb;opprimere;opprimo;oppressi;oppressus;;;;;unterdrücken, überwältigen;
Verb;optinere;optineo;optinui;optentus;;;;;erhalten, behaupten, innehaben;
Verb;optare;opto;optavi;optatus;;;;;wählen, wünschen;
Verb;ordinare;ordino;ordinavi;ordinatus;;;;;ordnen, einrichten, ordinieren;
Verb;ordiri;ordior;;orsus;;;;;beginnen, anfangen, weben;
Verb;oriri;orior;;ortus;;;;;entstehen, aufgehen, beginnen;
Verb;ornare;orno;ornavi;ornatus;;;;;schmücken, ausrüsten;
Verb;orare;oro;oravi;oratus;;;;;bitten, beten;
Verb;ostendere;ostendo;ostendi;ostensus;;;;;zeigen, offenbaren;
Verb;ostendere;ostendo;ostendi;ostentus;;;;;zeigen, offenbaren;
Verb;pacisci;paciscor;;pactus;;;;;vereinbaren, verhandeln, verabreden;
Verb;paenitere;paeniteo;paenitui;;;;;;missfallen, bereuen;
Verb;pandere;pando;pandi;passus;;;;;ausbreiten;
Verb;pangere;pango;pepigi;pactus;;;;;verfassen, befestigen, vereinbaren;
Verb;parcere;parco;peperci;parsus;;;;;schonen, sich enthalten;
Verb;parere;pareo;parui;paritus;;;;;gehorchen, sich unterwerfen;
Verb;parere;pario;peperi;partus;;;;;gebären, hervorbringen;
Verb;parare;paro;paravi;paratus;;;;;vorbereiten, beschaffen;
Verb;partiri;partior;;partitus;;;;;teilen, verteilen, austeilen;
Verb;patefacere;patefacio;patefeci;patefactus;;;;;aufdecken, offenbaren;
Verb;patefieri;patefio;;patefactus;;;;;bekanntgemacht werden;
Verb;patere;pateo;patui;;;;;;offenstehen, bekannt sein;
Verb;pati;patior;;passus;;;;;leiden, dulden, zulassen;
Verb;peccare;pecco;peccavi;peccatus;;;;;sündigen, fehlen;
Verb;pellere;pello;pepuli;pulsus;;;;;schlagen, vertreiben;
Verb;pendere;pendeo;pependi;;;;;;hängen, schweben, schwanken;
Verb;pendere;pendo;pependi;pensus;;;;;abwägen, zahlen;
Verb;penetrare;penetro;penetravi;penetratus;;;;;eindringen, durchdringen;
Verb;peragere;perago;peregi;peractus;;;;;vollenden, töten;
Verb;percipere;percipio;percepi;perceptus;;;;;erlangen, wahrnehmen;
Verb;percurrere;percurro;percucurri;percursus;;;;;durcheilen, durchlaufen;
Verb;percurrere;percurro;percurri;percursus;;;;;durcheilen, durchlaufen;
Verb;percutere;percutio;percussi;percussus;;;;;schlagen, durchbohren;
Verb;perdere;perdo;perdidi;perditus;;;;;vernichten, verlieren;
Verb;peregrinari;peregrinor;;peregrinatus;;;;;sich im Ausland aufhalten, pilgern;
Verb;perire;pereo;perivi;peritus;;;;;zugrunde gehen, sterben;
Verb;perferre;perfero;pertuli;perlatus;;;;;hindurchtragen, ertragen;
Verb;perficere;perficio;perfeci;perfectus;;;;;vollenden, ausführen;
Verb;pergere;pergo;perrexi;perrectus;;;;;fortfahren, vorrücken;
Verb;permanere;permaneo;permansi;;;;;;bleiben, verharren, fortdauern;
Verb;permittere;permitto;permisi;permissus;;;;;durchlassen, zulassen, anvertrauen;
Verb;persequi;persequor;;persecutus;;;;;verfolgen, nachgehen, verhandeln;
Verb;perseverare;persevero;perseveravi;perseveratus;;;;;beharren, durchhalten, fortfahren;
Verb;persistere;persisto;perstiti;;;;;;beharren, verharren;
Verb;perspicere;perspicio;perspexi;perspectus;;;;;durchschauen, erkennen, einsehen;
Verb;persuadere;persuadeo;persuasi;persuasus;;;;;überreden, überzeugen;mit Dativ
Verb;pertinere;pertineo;pertinui;pertentus;;;;;sich erstrecken, betreffen;
Verb;pervenere;pervenio;perveni;perventus;;;;;ankommen, erreichen;
Verb;pervenire;pervenio;perveni;perventus;;;;;gelangen, ankommen, kommen;
Verb;pervertere;perverto;perverti;perversus;;;;;verkehren, verderben, verdrehen;
Verb;petere;peto;petivi;petitus;;;;;erstreben, angreifen, bitten;
Verb;pingere;pingo;pinxi;pictus;;;;;malen, bemalen;
Verb;placere;placeo;placui;placitus;;;;;gefallen;
Verb;plangere;plango;planxi;planctus;;;;;schlagen, beklagen, betrauern;
Verb;plorare;ploro;ploravi;ploratus;;;;;weinen, beweinen, beklagen;
Verb;poenitere;poeniteo;poenitui;;;;;;missfallen, bereuen;
Verb;polliceri;polliceor;;pollicitus;;;;;versprechen, geloben, anbieten;
Verb;ponere;pono;posui;positus;;;;;setzen, stellen, legen;
Verb;porrigere;porrigo;porrexi;porrectus;;;;;ausstrecken, darreichen;
Verb;portare;porto;portavi;portatus;;;;;tragen, bringen;
Verb;poscere;posco;poposci;;;;;;fordern, verlangen;
Verb;possidere;possideo;possedi;possessus;;;;;besitzen, innehaben;
Verb;posse;possum;potui;;;;;;können;
Verb;postulare;postulo;postulavi;postulatus;;;;;fordern, verlangen;
Verb;potiri;potior;;potitus;;;;;sich bemächtigen, erlangen;
Verb;potare;poto;potavi;potatus;;;;;trinken;
Verb;praebere;praebeo;praebui;praebitus;;;;;darbieten, gewähren;
Verb;praecipere;praecipio;praecepi;praeceptus;;;;;vorher nehmen, lehren, anweisen;
Verb;praedicare;praedico;praedicavi;praedicatus;;;;;predigen, verkünden, rühmen;
Verb;praeficere;praeficio;praefeci;praefectus;;;;;voranstellen, den Befehl übertragen;
Verb;praehendere;praehendo;praehendi;praehensus;;;;;ergreifen, fangen;
Verb;praendere;praendo;praendi;praensus;;;;;ergreifen, fangen;
Verb;praeire;praeo;praeivi;praeitus;;;;;vorangehen, vorausgehen;
Verb;praeparare;praeparo;praeparavi;praeparatus;;;;;vorbereiten;
Verb;praescribere;praescribo;praescripsi;praescriptus;;;;;vorschreiben, bestimmen;
Verb;praestare;praesto;praestiti;praestatus;;;;;leisten, erweisen, gewähren;
Verb;praestere;praesto;praestiti;praestitus;;;;;übertreffen, sich auszeichnen;
Verb;praeesse;praesum;praefui;;;;;;vorstehen, an der Spitze stehen;mit Dativ
Verb;praesumere;praesumo;praesumpsi;praesumptus;;;;;vorwegnehmen, anmaßen;
Verb;praeterire;praetereo;praeterivi;praeteritus;;;;;vorbeigehen, übergehen;
Verb;praetermittere;praetermitto;praetermisi;praetermissus;;;;;übergehen, auslassen, versäumen;
Verb;praevalere;praevaleo;praevalui;;;;;;überwiegen, stärker sein;
Verb;praevenire;praevenio;praeveni;praeventus;;;;;zuvorkommen, vorwegnehmen;
Verb;prebere;prebeo;prebui;prebitus;;;;;darbieten, gewähren;
Verb;precari;precor;;precatus;;;;;bitten, flehen;
Verb;prehendere;prehendo;prehendi;prehensus;;;;;ergreifen, fangen;
Verb;premere;premo;pressi;pressus;;;;;drücken, bedrängen, verfolgen;
Verb;prendere;prendo;prendi;prensus;;;;;ergreifen, fangen;
Verb;privare;privo;privavi;privatus;;;;;berauben, freisprechen, entziehen;
Verb;probare;probo;probavi;probatus;;;;;billigen, gutheißen;
Verb;procedere;procedo;processi;processus;;;;;vorrücken, fortschreiten;
Verb;procurare;procuro;procuravi;procuratus;;;;;besorgen, betreuen, verwalten;
Verb;prodere;prodeo;prodivi;proditus;;;;;hervorgehen, erscheinen;
Verb;prodere;prodo;prodidi;proditus;;;;;hervorbringen, erzeugen;
Verb;proferre;profero;protuli;prolatus;;;;;vorbringen, erwähnen;
Verb;proficere;proficio;profeci;profectus;;;;;vollbringen, bewirken;
Verb;proficisci;proficiscor;;profectus;;;;;aufreisen, abreisen, herstammen;
Verb;profiteri;profiteor;;professus;;;;;offen erklären, bekennen, geloben;
Verb;progredi;progredior;;progressus;;;;;fortschreiten, vorgehen, vorrücken;
Verb;prohibere;prohibeo;prohibui;prohibitus;;;;;hindern, verbieten;
Verb;proicere;proicio;projeci;projectus;;;;;hinauswerfen, verwerfen;
Verb;promittere;promitto;promisi;promissus;;;;;versprechen;
Verb;promovere;promoveo;promovi;promotus;;;;;weiterbewegen, befördern, fördern;
Verb;properare;propero;properavi;properatus;;;;;eilen, sich beeilen;
Verb;proponere;propono;proposui;propositus;;;;;vorstellen, vorschlagen;
Verb;proscribere;proscribo;proscripsi;proscriptus;;;;;ächten, verbannen, anschlagen;
Verb;prosequi;prosequor;;prosecutus;;;;;begleiten, fortsetzen, verfolgen;
Verb;prosternare;prosterno;prostravi;prostratus;;;;;niederwerfen, zu Boden strecken;
Verb;prodesse;prosum;profui;;;;;;nützen, nützlich sein;
Verb;protegere;protego;protexi;protectus;;;;;beschützen, decken, schirmen;
Verb;protestari;protestor;;protestatus;;;;;öffentlich erklären, beteuern, Einspruch erheben;
Verb;provenire;provenio;proveni;proventus;;;;;hervorkommen, entstehen, gedeihen;
Verb;providere;provideo;providi;provisus;;;;;voraussehen, vorsorgen, verhüten;
Verb;pudere;pudet;;puditus;;;;;es beschämt;
Verb;pugnare;pugno;pugnavi;pugnatus;;;;;kämpfen;
Verb;pulsare;pulso;pulsavi;pulsatus;;;;;schlagen;
Verb;purgare;purgo;purgavi;purgatus;;;;;reinigen, säubern, entschuldigen;
Verb;putare;puto;putavi;putatus;;;;;denken, glauben, meinen;
Verb;quaerere;quaero;quaesivi;quaesitus;;;;;suchen, fragen;
Verb;quatere;quatio;;quassus;;;;;schütteln;
Verb;queri;queror;;questus;;;;;klagen, sich beschweren;
Verb;quiescere;quiesco;quievi;quietus;;;;;ruhen, still sein;
Verb;rapere;rapio;rapui;raptus;;;;;fortreißen, rauben;
Verb;recedere;recedo;recessi;recessus;;;;;zurückweichen, sich zurückziehen;
Verb;recipere;recipio;recepi;receptus;;;;;zurücknehmen, aufnehmen;
Verb;recitare;recito;recitavi;recitatus;;;;;vortragen, vorlesen, rezitieren;
Verb;recuperare;recupero;recuperavi;recuperatus;;;;;wiedererlangen, zurückerhalten;
Verb;reddere;reddo;reddidi;redditus;;;;;zurückgeben, wiedergeben;
Verb;redire;redeo;redivi;reditus;;;;;zurückkehren, zurückgeben;
Verb;redigere;redigo;redegi;redactus;;;;;zurückführen, verwandeln, herabsetzen;
Verb;redimere;redimo;redemi;redemptus;;;;;zurückkaufen, loskaufen;
Verb;redimere;redimo;redimi;;;;;;zurückkaufen, loskaufen;
Verb;reducere;reduco;reduxi;reductus;;;;;zurückführen, wiederherstellen;
Verb;referre;refero;rettuli;relatus;;;;;zurückbringen, berichten;
Verb;regnare;regno;regnavi;regnatus;;;;;herrschen, König sein;
Verb;regere;rego;rexi;rectus;;;;;lenken, leiten;
Verb;regredi;regredior;;regressus;;;;;zurückkehren, zurückgehen;
Verb;reicere;reicio;reieci;reiectus;;;;;zurückweisen, verwerfen, ablehnen;
Verb;relinquere;relinquo;reliqui;relictus;;;;;zurücklassen, verlassen;
Verb;remanere;remaneo;remansi;remansus;;;;;zurückbleiben, bleiben;
Verb;reminisci;reminiscor;;;;;;;sich erinnern, eingedenk sein;mit Genitiv
Verb;remittere;remitto;remisi;remissus;;;;;zurückschicken, nachlassen;
Verb;removere;removeo;removi;remotus;;;;;entfernen, wegschaffen;
Verb;reari;reor;;ratus;;;;;meinen, glauben;
Verb;reri;reor;;ratus;;;;;meinen, vermuten, dafür halten;
Verb;repellere;repello;reppuli;repulsus;;;;;zurückstoßen, abwehren;
Verb;reperere;reperio;repperi;repertus;;;;;entdecken, finden;
Verb;repetere;repeto;repetivi;repetitus;;;;;zurückfordern, wiederholen;
Verb;repperere;repperio;repperi;reppertus;;;;;entdecken, finden;
Verb;reprehendere;reprehendo;reprehendi;reprehensus;;;;;tadeln, rügen, beanstanden;
Verb;requirere;requiro;requisivi;requisitus;;;;;fordern, verlangen, vermissen;
Verb;residere;resido;residi;;;;;;sich setzen, sich niederlassen;
Verb;resistere;resisto;restiti;;;;;;stehen bleiben, widerstehen, standhalten;
Verb;resolvere;resolvo;resolvi;resolutus;;;;;auflösen, lösen, entschließen;
Verb;respicere;respicio;respexi;respectus;;;;;zurückblicken, achten auf;
Verb;respondere;respondeo;respondi;responsus;;;;;antworten;
Verb;restituere;restituo;restitui;restitutus;;;;;wiederherstellen, erneuern;
Verb;restare;resto;restiti;;;;;;übrig bleiben, standhalten, ausstehen;
Verb;reticere;reticeo;reticui;;;;;;verschweigen, schweigen;
Verb;retinere;retineo;retinui;retentus;;;;;zurückhalten, festhalten, bewahren;
Verb;revellere;revello;revelli;revulsus;;;;;losreißen, entfernen;
Verb;revelare;revelo;revelavi;revelatus;;;;;offenbaren, enthüllen;
Verb;revertere;reverto;reverti;;;;;;sich umwenden, zurückkehren;
Verb;reverti;revertor;;reversus;;;;;zurückkehren, umkehren;
Verb;revocare;revoco;revocavi;revocatus;;;;;zurückrufen;
Verb;ridere;rideo;risi;risus;;;;;lachen, auslachen;
Verb;rogare;rogo;rogavi;rogatus;;;;;fragen, bitten;
Verb;rumpere;rumpo;rupi;ruptus;;;;;brechen, zerstören;
Verb;ruere;ruo;rui;rutus;;;;;einstürzen, zugrunde gehen;
Verb;sacrificare;sacrifico;sacrificavi;sacrificatus;;;;;opfern, ein Opfer darbringen;
Verb;saepere;saepio;saepsi;saeptus;;;;;umzäunen, umgeben;
Verb;salire;salio;salui;saltus;;;;;springen, hüpfen;
Verb;salutare;saluto;salutavi;salutatus;;;;;grüßen, begrüßen;
Verb;sancere;sancio;sanxi;sanctus;;;;;bekräftigen, festsetzen;
Verb;sanctificare;sanctifico;sanctificavi;sanctificatus;;;;;heiligen, weihen;
Verb;sapere;sapio;sapivi;;;;;;weise sein, schmecken, verstehen;
Verb;satisfacere;satisfacio;satisfeci;satisfactus;;;;;genugtun, entschädigen;
Verb;satisfieri;satisfio;;satisfactus;;;;;zufriedengestellt werden;
Verb;scandere;scando;scandi;scansus;;;;;steigen, ersteigen, erklimmen;
Verb;scindere;scindo;scidi;scissus;;;;;reißen, spalten, zerteilen;
Verb;scire;scio;scivi;scitus;;;;;wissen, verstehen;
Verb;scribere;scribo;scripsi;scriptus;;;;;schreiben;
Verb;scrutari;scrutor;;scrutatus;;;;;durchsuchen, erforschen;
Verb;secere;seco;secui;sectus;;;;;schneiden, trennen;
Verb;seci;secor;;secutus;;;;;folgen, begleiten;
Verb;sedere;sedeo;sedi;sessus;;;;;sitzen, sich niederlassen;
Verb;sentere;sentio;sensi;sensus;;;;;fühlen, wahrnehmen, meinen;
Verb;sentire;sentio;sensi;sensus;;;;;fühlen, wahrnehmen, meinen;
Verb;sepelire;sepelio;sepelivi;sepultus;;;;;begraben, bestatten;
Verb;sepere;sepio;sepsi;septus;;;;;umzäunen, umgeben;
Verb;sequi;sequor;;secutus;;;;;folgen, begleiten;
Verb;serere;sero;sevi;satus;;;;;säen, pflanzen, erzeugen;
Verb;servire;servio;servivi;servitus;;;;;dienen, Sklave sein;
Verb;servare;servo;servavi;servatus;;;;;bewachen, bewahren, retten;
Verb;significare;significo;significavi;significatus;;;;;bezeichnen, andeuten, zeigen;
Verb;silere;sileo;silui;;;;;;schweigen, still sein;
Verb;similare;similo;similavi;similatus;;;;;nachahmen, vortäuschen;
Verb;simulare;simulo;simulavi;simulatus;;;;;nachahmen, vortäuschen;
Verb;sinere;sino;sivi;situs;;;;;erlauben, zulassen;
Verb;sistere;sisto;stiti;status;;;;;stellen, aufhalten, stehen bleiben;
Verb;solere;soleo;;solitus;;;;;gewohnt sein, pflegen;
Verb;solvere;solvo;solvi;solutus;;;;;lösen, befreien, bezahlen;
Verb;sonare;sono;sonavi;sonatus;;;;;tönen, klingen, sprechen;
Verb;sonare;sono;sonui;sonitus;;;;;tönen, klingen, sprechen;
Verb;spargere;spargo;sparsi;sparsus;;;;;streuen, sprengen, verteilen;
Verb;spectare;specto;spectavi;spectatus;;;;;betrachten, beobachten;
Verb;speculari;speculor;;speculatus;;;;;spähen, betrachten, beobachten;
Verb;spernere;sperno;sprevi;spretus;;;;;verschmähen, verachten;
Verb;sperare;spero;speravi;speratus;;;;;hoffen;
Verb;spirare;spiro;spiravi;spiratus;;;;;atmen, wehen;
Verb;splendere;splendeo;splendui;;;;;;glänzen, leuchten, strahlen;
Verb;spondere;spondeo;spepondi;sponsus;;;;;versprechen, geloben;
Verb;spondere;spondeo;spopondi;sponsus;;;;;versprechen, geloben;
Verb;statuere;statuo;statui;statutus;;;;;aufstellen, beschließen;
Verb;sternare;sterno;stravi;stratus;;;;;ausbreiten, hinstreuen;
Verb;sternere;sterno;stravi;stratus;;;;;niederstrecken, ausbreiten, streuen;
Verb;stare;sto;steti;status;;;;;stehen;
Verb;stringere;stringo;strinxi;strictus;;;;;straffen, zusammenziehen, entblößen;
Verb;struere;struo;struxi;structus;;;;;bauen, errichten, schichten;
Verb;studere;studeo;studui;;;;;;sich bemühen, eifrig streben;
Verb;suadere;suadeo;suasi;suasus;;;;;raten, zureden;mit Dativ
Verb;subcumbere;subcumbo;subcubui;subcubitus;;;;;sinken, unterliegen;
Verb;subire;subeo;subivi;subitus;;;;;hinabgehen, sich unterziehen;
Verb;subicere;subicio;subieci;subiectus;;;;;unterwerfen, unterlegen, darunterlegen;
Verb;submittere;submitto;submisi;submissus;;;;;unterwerfen, senken, unterordnen;
Verb;submovere;submoveo;submovi;submotus;;;;;entfernen, vertreiben;
Verb;subscribere;subscribo;subscripsi;subscriptus;;;;;unterschreiben, beipflichten;
Verb;subsistere;subsisto;substiti;;;;;;stehen bleiben, bestehen, standhalten;
Verb;subesse;subsum;subfui;;;;;;zugrunde liegen, nahe sein, unterstehen;
Verb;subvenire;subvenio;subveni;subventus;;;;;zu Hilfe kommen, abhelfen;mit Dativ
Verb;succumbere;succumbo;succubui;succubitus;;;;;sinken, unterliegen;
Verb;sufficere;sufficio;suffeci;suffectus;;;;;genügen, ausreichen;
Verb;suggerere;suggero;suggessi;suggestus;;;;;zuführen, nahelegen, darreichen;
Verb;esse;sum;fui;;;;;;sein, vorhanden sein, sich befinden;
Verb;summovere;summoveo;summovi;summotus;;;;;entfernen, vertreiben;
Verb;sumere;sumo;sumpsi;sumptus;;;;;nehmen, annehmen;
Verb;superare;supero;superavi;superatus;;;;;übertreffen, siegen;
Verb;superesse;supersum;superfui;;;;;;übrig sein, überleben;
Verb;supervenere;supervenio;superveni;superventus;;;;;herankommen, ankommen;
Verb;supplicare;supplico;supplicavi;supplicatus;;;;;flehen, demütig bitten;mit Dativ
Verb;supponere;suppono;supposui;suppositus;;;;;unterlegen, an die Stelle setzen, annehmen;
Verb;surgere;surgo;surrexi;surrectus;;;;;sich erheben, aufstehen;
Verb;surripere;surripio;surripui;surreptus;;;;;heimlich nehmen, stehlen, entwenden;
Verb;suscipere;suscipio;suscepi;susceptus;;;;;unternehmen, auf sich nehmen;
Verb;suspendere;suspendo;suspendi;suspensus;;;;;aufhängen;
Verb;suspicere;suspicio;suspexi;suspectus;;;;;emporblicken, hochachten, verdächtigen;
Verb;suspicari;suspicor;;suspicatus;;;;;vermuten, verdächtigen;
Verb;sustinere;sustineo;sustinui;sustentus;;;;;aushalten, stützen, unterstützen;
Verb;tacere;taceo;tacui;tacitus;;;;;schweigen;
Verb;tangere;tango;tetigi;tactus;;;;;berühren, anrühren;
Verb;tegere;tego;texi;tectus;;;;;bedecken, schützen;
Verb;temperare;tempero;temperavi;temperatus;;;;;mischen, mäßigen;
Verb;temptare;tempto;temptavi;temptatus;;;;;versuchen, prüfen;
Verb;tendere;tendo;tetendi;tensus;;;;;spannen, ausstrecken, zielen;
Verb;tendere;tendo;tetendi;tentus;;;;;spannen, ausstrecken, zielen;
Verb;tenere;teneo;tenui;tentus;;;;;halten, festhalten, besitzen;
Verb;terminare;termino;terminavi;terminatus;;;;;begrenzen, beenden, abschließen;
Verb;terrere;terreo;terrui;territus;;;;;erschrecken, in Schrecken versetzen;
Verb;testificari;testificor;;testificatus;;;;;bezeugen, beurkunden;
Verb;testari;testor;;testatus;;;;;bezeugen, bekunden, anrufen;
Verb;texere;texo;texui;textus;;;;;weben, flechten, fügen;
Verb;timere;timeo;timui;;;;;;fürchten;
Verb;tingere;tingo;tinxi;tinctus;;;;;benetzen, färben;
Verb;tinguere;tinguo;tinxi;tinctus;;;;;benetzen, färben;
Verb;tolerare;tolero;toleravi;toleratus;;;;;ertragen, aushalten, dulden;
Verb;tollare;tollo;sustuli;sublatus;;;;;aufheben, wegnehmen, beseitigen;
Verb;torquere;torqueo;torsi;tortus;;;;;drehen, quälen, foltern;
Verb;tractare;tracto;tractavi;tractatus;;;;;behandeln, berühren, behandeln abhandeln;
Verb;tradere;trado;tradidi;traditus;;;;;übergeben, überliefern;
Verb;traducere;traduco;traduxi;traductus;;;;;hinüberführen, versetzen;
Verb;traferre;trafero;tratuli;tralatus;;;;;hinübertragen, übertragen;
Verb;trahere;traho;traxi;tractus;;;;;ziehen, schleppen;
Verb;traicere;traicio;trajeci;trajectus;;;;;hinüberwerfen, durchbohren;
Verb;transcribere;transcribo;transcripsi;transcriptus;;;;;abschreiben, übertragen;
Verb;transducere;transduco;transduxi;transductus;;;;;hinüberführen, versetzen;
Verb;transire;transeo;transivi;transitus;;;;;hinübergehen, überqueren;
Verb;transferre;transfero;transtuli;translatus;;;;;hinübertragen, übertragen;
Verb;transgredi;transgredior;;transgressus;;;;;hinübergehen, überschreiten;
Verb;transigere;transigo;transegi;transactus;;;;;durchbohren, zum Abschluss bringen, verbringen;
Verb;transmittere;transmitto;transmisi;transmissus;;;;;übersenden, weitergeben, schicken über;
Verb;tremere;tremo;tremui;;;;;;zittern, beben;
Verb;tribuere;tribuo;tribui;tributus;;;;;zuteilen, gewähren, widmen;
Verb;triumphare;triumpho;triumphavi;;;;;;triumphieren, einen Triumph feiern;
Verb;tueri;tueor;;tuitus;;;;;sehen, betrachten, beschützen;
Verb;turbare;turbo;turbavi;turbatus;;;;;verwirren, stören;
Verb;ulcisci;ulciscor;;ultus;;;;;rächen, bestrafen;
Verb;ungere;ungo;unxi;unctus;;;;;salben, bestreichen;
Verb;urgere;urgeo;ursi;;;;;;drängen, bedrängen;
Verb;urguere;urgueo;ursi;;;;;;drängen, bedrängen;
Verb;uti;utor;;usus;;;;;gebrauchen, benutzen;
Verb;vacare;vaco;vacavi;vacatus;;;;;leer sein, frei sein;
Verb;vadere;vado;vasi;;;;;;gehen, schreiten, voranschreiten;
Verb;vagari;vagor;;vagatus;;;;;umherschweifen, umherirren, schweifen;
Verb;valere;valeo;valui;valitus;;;;;stark sein, gesund sein, gelten;
Verb;vehere;veho;vexi;vectus;;;;;fahren, tragen, befördern;
Verb;vellere;vello;velli;vulsus;;;;;reißen, ausreißen;
Verb;vellere;vello;volsi;volsus;;;;;reißen, ausreißen;
Verb;vellere;vello;vulsi;vulsus;;;;;reißen, ausreißen;
Verb;velare;velo;velavi;velatus;;;;;verhüllen, bedecken, verbergen;
Verb;vendere;vendo;vendidi;venditus;;;;;verkaufen;
Verb;venire;venio;veni;ventus;;;;;kommen;
Verb;verberare;verbero;verberavi;verberatus;;;;;schlagen, prügeln;
Verb;vereri;vereor;;veritus;;;;;fürchten, verehren, sich scheuen;
Verb;versare;verso;versavi;versatus;;;;;drehen, wenden;
Verb;vertere;verto;verti;versus;;;;;wenden, verändern;
Verb;vesci;vescor;;;;;;;sich nähren von, genießen;mit Ablativ
Verb;vetare;veto;vetavi;vetatus;;;;;verbieten;
Verb;vetare;veto;vetui;vetitus;;;;;verbieten;
Verb;videre;video;vidi;visus;;;;;sehen;
Verb;vigere;vigeo;vigui;;;;;;kräftig sein, gedeihen, in Kraft sein;
Verb;vigilare;vigilo;vigilavi;vigilatus;;;;;wach bleiben, wachen;
Verb;vincire;vincio;vinxi;vinctus;;;;;fesseln, binden, umwinden;
Verb;vincere;vinco;vici;victus;;;;;besiegen, überwinden;
Verb;visitare;visito;visitavi;visitatus;;;;;besuchen, aufsuchen, heimsuchen;
Verb;vitare;vito;vitavi;vitatus;;;;;meiden, vermeiden, fliehen;
Verb;vituperare;vitupero;vituperavi;vituperatus;;;;;tadeln, schelten, missbilligen;
Verb;vivere;vivo;vixi;victus;;;;;leben;
Verb;vocare;voco;vocavi;vocatus;;;;;rufen, nennen;
Verb;velle;volo;volui;;;;;;wollen, wünschen;
Verb;volare;volo;volavi;volatus;;;;;fliegen;
Verb;volvere;volvo;volvi;volutus;;;;;wälzen, rollen;
Verb;votare;voto;votui;votitus;;;;;verbieten;
Verb;vovere;voveo;vovi;votus;;;;;geloben, gelüben, weihen;
Verb;vulnerare;vulnero;vulneravi;vulneratus;;;;;verwunden, verletzen, kränken;
